,date,predicted_state,state_0_prob,state_1_prob,returns,rolling_std
0,2020-12-31 00:00:00-05:00,1,0.08407443170140588,0.9159255682985942,0.006418204711703793,0.08281959110634447
1,2021-01-04 00:00:00-05:00,0,0.5565353840145306,0.4434646159854693,-0.014864762712025787,0.1004639645172738
2,2021-01-05 00:00:00-05:00,1,0.09223273803039972,0.9077672619696002,0.007057631383362026,0.09872379988236733
3,2021-01-06 00:00:00-05:00,1,0.07203748864766078,0.9279625113523393,0.005693603382474094,0.100061567912252
4,2021-01-07 00:00:00-05:00,0,0.5558523290651176,0.4441476709348824,0.014738260107752971,0.11160781979107068
5,2021-01-08 00:00:00-05:00,1,0.07085699856312094,0.9291430014368791,0.00547683739351537,0.10680017835541088
6,2021-01-11 00:00:00-05:00,1,0.08605123788309613,0.9139487621169039,-0.006576327616621317,0.11056072658812138
7,2021-01-12 00:00:00-05:00,1,0.07645950669048518,0.9235404933095148,0.000415702030569564,0.11011031939940488
8,2021-01-13 00:00:00-05:00,1,0.06360240332086281,0.9363975966791372,0.0022730563867261076,0.10763502323661785
9,2021-01-14 00:00:00-05:00,1,0.061173190766699984,0.9388268092333,-0.003760513068743101,0.10179759314399257
10,2021-01-15 00:00:00-05:00,1,0.09662025669149966,0.9033797433085003,-0.007216000798278504,0.10620464815502847
11,2021-01-19 00:00:00-05:00,1,0.1200161873183208,0.8799838126816792,0.008103457635761657,0.10795010357938678
12,2021-01-20 00:00:00-05:00,1,0.49114996176309444,0.5088500382369056,0.013839417376510862,0.11559315485664746
13,2021-01-21 00:00:00-05:00,1,0.07895608014078451,0.9210439198592154,0.00031667316131354906,0.1137393120099681
14,2021-01-22 00:00:00-05:00,1,0.06400136832283682,0.9359986316771632,-0.0030151526629377105,0.11424425684769321
15,2021-01-25 00:00:00-05:00,1,0.06399569498085364,0.9360043050191463,0.0036093175130174657,0.11426329176268424
16,2021-01-26 00:00:00-05:00,1,0.06992833384382106,0.930071666156179,-0.001489943161153501,0.11487124270303027
17,2021-01-27 00:00:00-05:00,0,0.9517667988967162,0.04823320110328382,-0.02601331512610035,0.14885561612120668
18,2021-01-28 00:00:00-05:00,1,0.30231404800293094,0.6976859519970691,0.009713298778760395,0.15226159952994453
19,2021-01-29 00:00:00-05:00,0,0.9270881461611328,0.07291185383886735,-0.019500377654792,0.16840176809508142
20,2021-02-01 00:00:00-05:00,0,0.8708662703970773,0.12913372960292274,0.015924300234678626,0.17656859573273118
21,2021-02-02 00:00:00-05:00,0,0.7606988418543585,0.23930115814564146,0.013802528814310624,0.17334340465061934
22,2021-02-03 00:00:00-05:00,1,0.20372651120876623,0.7962734887912337,0.0010082606153447803,0.17217558224538895
23,2021-02-04 00:00:00-05:00,0,0.5431712330294239,0.4568287669705761,0.010794847643921975,0.17480778048294815
24,2021-02-05 00:00:00-05:00,1,0.1652788776725201,0.8347211223274799,0.003889919607763825,0.16812570248756786
25,2021-02-08 00:00:00-05:00,1,0.2542731499332918,0.7457268500667082,0.007372107476289037,0.168915868653979
26,2021-02-09 00:00:00-05:00,1,0.17656685159058355,0.8234331484094164,-0.0011141454217211749,0.16668970714255626
27,2021-02-10 00:00:00-05:00,1,0.19135769452510484,0.8086423054748951,-0.0003452445223915674,0.16677405311433968
28,2021-02-11 00:00:00-05:00,1,0.16896249461771137,0.8310375053822886,0.0016610748145877074,0.16674617579606316
29,2021-02-12 00:00:00-05:00,1,0.1635968184441698,0.8364031815558302,0.004699970926162608,0.16599020789042887
30,2021-02-16 00:00:00-05:00,1,0.17008472756902115,0.8299152724309787,-0.0005694345154154666,0.16284782657966124
31,2021-02-17 00:00:00-05:00,1,0.1693975976027876,0.8306024023972124,-0.0003204533489169501,0.16149215678218734
32,2021-02-18 00:00:00-05:00,1,0.1271471790554478,0.8728528209445522,-0.004425614227243303,0.15623063348828164
33,2021-02-19 00:00:00-05:00,1,0.1304592069718752,0.8695407930281247,-0.0018566190956649255,0.15651000827310785
34,2021-02-22 00:00:00-05:00,1,0.22079291383096322,0.7792070861690369,-0.007762892893710863,0.15889048548639742
35,2021-02-23 00:00:00-05:00,1,0.14334851167630402,0.856651488323696,0.0012555296115265332,0.15848967559651067
36,2021-02-24 00:00:00-05:00,1,0.49771131327892393,0.5022886867210761,0.011287667670985945,0.1629637714917573
37,2021-02-25 00:00:00-05:00,0,0.9587489901995044,0.04125100980049559,-0.02478339442417185,0.16029893221959482
38,2021-02-26 00:00:00-05:00,1,0.13611194383016256,0.8638880561698374,-0.004761532293798778,0.15812702683549912
39,2021-03-01 00:00:00-05:00,0,0.9520803949625063,0.04791960503749361,0.02351217322569352,0.16034025626907727
40,2021-03-02 00:00:00-05:00,1,0.22536385619995103,0.7746361438000489,-0.00811367873950876,0.15622555444245
41,2021-03-03 00:00:00-05:00,0,0.6137720135221075,0.3862279864778924,-0.01315233589480116,0.15682530392484179
42,2021-03-04 00:00:00-05:00,0,0.6845980442135413,0.3154019557864587,-0.013508038064390469,0.16379209843019854
43,2021-03-05 00:00:00-05:00,0,0.9358308295076134,0.0641691704923865,0.019308356338709188,0.17424780131916243
44,2021-03-08 00:00:00-05:00,1,0.21338799619092996,0.78661200380907,-0.005373643224025429,0.17433517341274837
45,2021-03-09 00:00:00-05:00,0,0.8095318709308262,0.19046812906917374,0.014055400743930569,0.18003639407996705
46,2021-03-10 00:00:00-05:00,1,0.27259529652346254,0.7274047034765375,0.006012203770988197,0.18149324281495433
47,2021-03-11 00:00:00-05:00,0,0.585600479301481,0.41439952069851904,0.010341825500657608,0.1852730304256255
48,2021-03-12 00:00:00-05:00,1,0.27774208588576793,0.7222579141142321,0.0010148833275308508,0.1852277463533939
49,2021-03-15 00:00:00-04:00,1,0.31970777580586557,0.6802922241941344,0.006470939539413048,0.1858857539105562
50,2021-03-16 00:00:00-04:00,1,0.27102834472850007,0.7289716552715,-0.0015709169785959108,0.1859912448010072
51,2021-03-17 00:00:00-04:00,1,0.25669865312173656,0.7433013468782634,0.0028752446501592592,0.18617711030621117
52,2021-03-18 00:00:00-04:00,0,0.8935823756621456,0.10641762433785443,-0.014870560065947797,0.19342361247666515
53,2021-03-19 00:00:00-04:00,1,0.34320688672124217,0.6567931132787578,-0.0006028856737550234,0.1933135297712898
54,2021-03-22 00:00:00-04:00,1,0.394066283143406,0.6059337168565939,0.007000556898342752,0.19246896932185556
55,2021-03-23 00:00:00-04:00,1,0.45226825697426015,0.5477317430257399,-0.007660118119334028,0.19478920453704104
56,2021-03-24 00:00:00-04:00,1,0.3203669611712998,0.6796330388287001,-0.00548233660034883,0.19139360553113793
57,2021-03-25 00:00:00-04:00,1,0.18530407996853593,0.8146959200314641,0.005226583432729291,0.16917391820828226
58,2021-03-26 00:00:00-04:00,0,0.8866161766886675,0.11338382331133251,0.016494418658716575,0.17619232920810005
59,2021-03-29 00:00:00-04:00,1,0.14418367053058584,0.8558163294694141,-0.0008683896263867381,0.15711396189864965
60,2021-03-30 00:00:00-04:00,1,0.11768443474276762,0.8823155652572324,-0.0031628294096500294,0.15431309358431436
61,2021-03-31 00:00:00-04:00,1,0.09647698706398423,0.9035230129360158,0.003615953592419885,0.14492651444776486
62,2021-04-01 00:00:00-04:00,1,0.3842392780335526,0.6157607219664473,0.011755830427674127,0.13665972680373972
63,2021-04-05 00:00:00-04:00,0,0.5702939624205822,0.4297060375794178,0.0143349877622439,0.12987019017327536
64,2021-04-06 00:00:00-04:00,1,0.08253733001803391,0.917462669981966,-0.0009740049407969285,0.12702440145596197
65,2021-04-07 00:00:00-04:00,1,0.07321507538841765,0.9267849246115822,0.0014741456981068137,0.12044467732293765
66,2021-04-08 00:00:00-04:00,1,0.06830253994202845,0.9316974600579715,0.004211750940591775,0.11993093132521164
67,2021-04-09 00:00:00-04:00,1,0.1147554319265687,0.8852445680734313,0.007690288135687276,0.11797939275976155
68,2021-04-12 00:00:00-04:00,1,0.08281683007082608,0.9171831699291739,-0.0001960980747395339,0.1182389952731457
69,2021-04-13 00:00:00-04:00,1,0.06524315153397592,0.934756848466024,0.0032890718770625686,0.11728164036107812
70,2021-04-14 00:00:00-04:00,1,0.06716606157011881,0.9328339384298813,-0.004096104320730151,0.11867251245637865
71,2021-04-15 00:00:00-04:00,1,0.28405046523013966,0.7159495347698603,0.011033101401119478,0.12292478854864526
72,2021-04-16 00:00:00-04:00,1,0.06129655861135887,0.9387034413886411,0.0036023233905179666,0.10460457091467497
73,2021-04-19 00:00:00-04:00,1,0.06982767895554835,0.9301723210444517,-0.005320689893757947,0.10823718130491031
74,2021-04-20 00:00:00-04:00,1,0.0914049349088262,0.9085950650911739,-0.006825561005077803,0.11266228973421107
75,2021-04-21 00:00:00-04:00,1,0.16321253445611292,0.836787465543887,0.009263020919853236,0.10854525038442529
76,2021-04-22 00:00:00-04:00,1,0.16631195480411723,0.8336880451958828,-0.009253337860554323,0.11329200689506243
77,2021-04-23 00:00:00-04:00,1,0.2604817001499789,0.739518299850021,0.01086940989553096,0.11644688149951699
78,2021-04-26 00:00:00-04:00,1,0.06530289196563666,0.9346971080343633,0.001780684564582624,0.10562288860770086
79,2021-04-27 00:00:00-04:00,1,0.07709023440603155,0.9229097655939684,-0.0002149189814442344,0.10536251559370549
80,2021-04-28 00:00:00-04:00,1,0.07114452555385714,0.9288554744461429,-0.0008458975873960478,0.10398087336843853
81,2021-04-29 00:00:00-04:00,1,0.08705869689151592,0.9129413031084841,0.0067400415367024095,0.10490927256719579
82,2021-04-30 00:00:00-04:00,1,0.09648261570768239,0.9035173842923175,-0.0072207134171198275,0.10532572343516551
83,2021-05-03 00:00:00-04:00,1,0.06134914408070513,0.9386508559192949,0.002744321649512167,0.09478199722996326
84,2021-05-04 00:00:00-04:00,1,0.08565767723057659,0.9143423227694235,-0.0067007374898472305,0.0987703919639401
85,2021-05-05 00:00:00-04:00,1,0.07186530981763234,0.9281346901823677,0.0007032164471135163,0.09876969326389708
86,2021-05-06 00:00:00-04:00,1,0.11904881916851383,0.8809511808314862,0.008132299498632055,0.10137367275853261
87,2021-05-07 00:00:00-04:00,1,0.09847129656963208,0.9015287034303678,0.007346291419186351,0.10109116868548149
88,2021-05-10 00:00:00-04:00,1,0.22802243973463082,0.7719775602653691,-0.010490480503138024,0.10930354411393882
89,2021-05-11 00:00:00-04:00,1,0.1443152668932508,0.8556847331067493,-0.008711750141781542,0.11378152484562266
90,2021-05-12 00:00:00-04:00,0,0.8978951449155257,0.10210485508447438,-0.021682782358302413,0.1371615714715848
91,2021-05-13 00:00:00-04:00,1,0.42075189968434784,0.5792481003156521,0.012099644578094055,0.1384234962225885
92,2021-05-14 00:00:00-04:00,0,0.6872229223027004,0.3127770776972995,0.014807778563623631,0.14839728693970072
93,2021-05-17 00:00:00-04:00,1,0.10293478990646143,0.8970652100935386,-0.002533258183961915,0.1474330996145813
94,2021-05-18 00:00:00-04:00,1,0.21496882826628141,0.7850311717337186,-0.0085537723840327,0.14861720249565905
95,2021-05-19 00:00:00-04:00,1,0.09616998801806771,0.9038300119819322,-0.002947751811378411,0.14469811163909163
96,2021-05-20 00:00:00-04:00,1,0.3287195891902276,0.6712804108097724,0.01049942933450842,0.1461856449415141
97,2021-05-21 00:00:00-04:00,1,0.10374669200398379,0.8962533079960162,-0.0007841880752528091,0.14075278582405226
98,2021-05-24 00:00:00-04:00,1,0.27826673228820287,0.7217332677117972,0.009862497481216075,0.1451846693760962
99,2021-05-25 00:00:00-04:00,1,0.10082088308228891,0.8991791169177111,-0.002127545400828599,0.14540044879766612
100,2021-05-26 00:00:00-04:00,1,0.10271836112800217,0.8972816388719979,0.0018750575506104544,0.14550706738624375
101,2021-05-27 00:00:00-04:00,1,0.1048947375120509,0.8951052624879491,0.001164636089862995,0.14349136370027724
102,2021-05-28 00:00:00-04:00,1,0.10445299120334188,0.8955470087966582,0.000768586452887337,0.1410334477232233
103,2021-06-01 00:00:00-04:00,1,0.10727053768764827,0.8927294623123517,-0.0004924547586291649,0.14074907580205742
104,2021-06-02 00:00:00-04:00,1,0.09327314225263282,0.9067268577473672,0.0014458890369002922,0.13847150515529003
105,2021-06-03 00:00:00-04:00,1,0.08675629151580441,0.9132437084841956,-0.003635303056049319,0.13924917090291342
106,2021-06-04 00:00:00-04:00,1,0.1958636538732554,0.8041363461267446,0.008795303383016323,0.13976258304970768
107,2021-06-07 00:00:00-04:00,1,0.09761481700823174,0.9023851829917683,-0.0007970562694215079,0.13731230893208676
108,2021-06-08 00:00:00-04:00,1,0.09646654653107775,0.9035334534689222,0.00017500954944121158,0.1316828097561165
109,2021-06-09 00:00:00-04:00,1,0.0768094149842786,0.9231905850157214,-0.0018255325906156837,0.12752345702478002
110,2021-06-10 00:00:00-04:00,1,0.06396095341040002,0.9360390465895999,0.004641454776462911,0.09638578655039563
111,2021-06-11 00:00:00-04:00,1,0.06470427050098676,0.9352957294990133,0.0019465389328083601,0.08889236530690119
112,2021-06-14 00:00:00-04:00,1,0.07011758069471925,0.9298824193052807,0.0018135563851361702,0.074038528070476
113,2021-06-15 00:00:00-04:00,1,0.06925213610468675,0.9307478638953133,-0.00201371995427588,0.0737353358126014
114,2021-06-16 00:00:00-04:00,1,0.07784349614364151,0.9221565038563585,-0.005404703747026491,0.06902596008726564
115,2021-06-17 00:00:00-04:00,1,0.08427356946092457,0.9157264305390753,-0.00043581054367264766,0.06761048642504154
116,2021-06-18 00:00:00-04:00,1,0.4420131348373633,0.5579868651626366,-0.013211355687284158,0.07649985557385
117,2021-06-21 00:00:00-04:00,1,0.4828855915095702,0.5171144084904299,0.013905163512319857,0.0907256859128082
118,2021-06-22 00:00:00-04:00,1,0.06844638008485762,0.9315536199151424,0.005111406378990611,0.08588520366288302
119,2021-06-23 00:00:00-04:00,1,0.0706219403285154,0.9293780596714846,-0.0010838705186495853,0.08552717495956128
120,2021-06-24 00:00:00-04:00,1,0.07440640038601931,0.9255935996139807,0.005794429545916893,0.08739081327690866
121,2021-06-25 00:00:00-04:00,1,0.061712278711614936,0.9382877212883851,0.003325063164687565,0.08783486382194187
122,2021-06-28 00:00:00-04:00,1,0.06342596757472208,0.9365740324252779,0.0023122888604717494,0.08796546987451281
123,2021-06-29 00:00:00-04:00,1,0.07700591111603879,0.9229940888839613,0.0002772977426878152,0.08783246370723807
124,2021-06-30 00:00:00-04:00,1,0.06836600788063048,0.9316339921193695,0.0013272784229071918,0.08782650374201662
125,2021-07-01 00:00:00-04:00,1,0.0688774408475262,0.9311225591524738,0.005208041432254744,0.08717560014954344
126,2021-07-02 00:00:00-04:00,1,0.10354705024992605,0.8964529497500738,0.007472095894691671,0.08582154838180595
127,2021-07-06 00:00:00-04:00,1,0.06489545395793578,0.9351045460420642,-0.0020239027700217787,0.08635205961648253
128,2021-07-07 00:00:00-04:00,1,0.06199287038782088,0.9380071296121791,0.0033533465536629346,0.08650773605638425
129,2021-07-08 00:00:00-04:00,1,0.13454746661324346,0.8654525333867565,-0.008597881009556396,0.09307681444412695
130,2021-07-09 00:00:00-04:00,1,0.2701427127203585,0.7298572872796415,0.011214825902413766,0.09904683947174772
131,2021-07-12 00:00:00-04:00,1,0.060715838336085626,0.9392841616639144,0.0034452326955940497,0.09927614270763788
132,2021-07-13 00:00:00-04:00,1,0.060834634201814786,0.9391653657981852,-0.0035230111811655838,0.10091016499792857
133,2021-07-14 00:00:00-04:00,1,0.06836775593388718,0.9316322440661129,0.0011642565654693257,0.10014421017542988
134,2021-07-15 00:00:00-04:00,1,0.0606785433136224,0.9393214566863775,-0.0032675735627459117,0.09846842331514098
135,2021-07-16 00:00:00-04:00,1,0.10402368345285905,0.895976316547141,-0.007567415006813217,0.10353640734447253
136,2021-07-19 00:00:00-04:00,0,0.6424075925396945,0.3575924074603056,-0.015996781399983978,0.10901700575704396
137,2021-07-20 00:00:00-04:00,0,0.5782622873009098,0.42173771269909005,0.0150488060047999,0.11085973028910003
138,2021-07-21 00:00:00-04:00,1,0.12600196785612994,0.8739980321438701,0.008208041662144044,0.1128544511196761
139,2021-07-22 00:00:00-04:00,1,0.06612174390721531,0.9338782560927847,0.0020146392092429753,0.11252017305323388
140,2021-07-23 00:00:00-04:00,1,0.2115509129476375,0.7884490870523626,0.010094332386254415,0.1157074010198712
141,2021-07-26 00:00:00-04:00,1,0.06599552683703319,0.9340044731629668,0.0023793669227295928,0.11557709252274599
142,2021-07-27 00:00:00-04:00,1,0.06942676556455117,0.9305732344354488,-0.004723583382178003,0.11770275968744895
143,2021-07-28 00:00:00-04:00,1,0.08260815098483165,0.9173918490151683,-0.000186279231552706,0.11776638194053783
144,2021-07-29 00:00:00-04:00,1,0.06725207920117601,0.932747920798824,0.004197331845272641,0.1182303937624942
145,2021-07-30 00:00:00-04:00,1,0.07603803147667984,0.9239619685233201,-0.005420713608261166,0.11969542114913326
146,2021-08-02 00:00:00-04:00,1,0.0691979334434141,0.9308020665565859,-0.001844505670060361,0.11742075184993156
147,2021-08-03 00:00:00-04:00,1,0.13137268174485342,0.8686273182551466,0.008169961338918062,0.12017465909710782
148,2021-08-04 00:00:00-04:00,1,0.07123935111949031,0.9287606488805096,-0.004643150661295458,0.1213629557875673
149,2021-08-05 00:00:00-04:00,1,0.0812285409192944,0.9187714590807057,0.005987485990419113,0.11783996957005298
150,2021-08-06 00:00:00-04:00,1,0.06757465531653206,0.9324253446834679,0.0016738645485288822,0.11183972782049173
151,2021-08-09 00:00:00-04:00,1,0.07239804384836132,0.9276019561516388,-0.0009403502649549345,0.11152642100462219
152,2021-08-10 00:00:00-04:00,1,0.07161655969164987,0.9283834403083501,0.0009921869538634502,0.11049089407646687
153,2021-08-11 00:00:00-04:00,1,0.06956706142330195,0.9304329385766981,0.0012749307180154837,0.11049686998661178
154,2021-08-12 00:00:00-04:00,1,0.06359103286438289,0.936408967135617,0.00413780773547866,0.11003140653015123
155,2021-08-13 00:00:00-04:00,1,0.06614573872292959,0.9338542612770705,0.0016060163209228441,0.10510805587146026
156,2021-08-16 00:00:00-04:00,1,0.06403562715566992,0.9359643728443301,0.0026174222619943593,0.08200022441850846
157,2021-08-17 00:00:00-04:00,1,0.10040314160758866,0.8995968583924114,-0.007085743507137991,0.07448588410192519
158,2021-08-18 00:00:00-04:00,1,0.25130217133884575,0.7486978286611543,-0.01080665284525433,0.08174788646887692
159,2021-08-19 00:00:00-04:00,1,0.07057848334504763,0.9294215166549524,0.001255903256156918,0.08160255720932674
160,2021-08-20 00:00:00-04:00,1,0.1245737046813286,0.8754262953186714,0.00810860389074176,0.07873981332606508
161,2021-08-23 00:00:00-04:00,1,0.1342084113460018,0.8657915886539982,0.008487667984412181,0.08367154278848501
162,2021-08-24 00:00:00-04:00,1,0.06912814745005876,0.9308718525499412,0.0014946188019620721,0.08125846132422422
163,2021-08-25 00:00:00-04:00,1,0.06551721457962287,0.9344827854203772,0.00221765740325088,0.08125915597301028
164,2021-08-26 00:00:00-04:00,1,0.07592710748506241,0.9240728925149376,-0.0058419498276026565,0.08391194217552503
165,2021-08-27 00:00:00-04:00,1,0.1434924444394291,0.8565075555605708,0.008769071540452218,0.08557178503382615
166,2021-08-30 00:00:00-04:00,1,0.06404314769903208,0.9359568523009679,0.0042973241068746,0.08537290211506715
167,2021-08-31 00:00:00-04:00,1,0.06972041819020598,0.930279581809794,-0.0013500269158932096,0.08227082458453201
168,2021-09-01 00:00:00-04:00,1,0.0794072408811008,0.9205927591188992,0.00031164006095334113,0.07950673962945098
169,2021-09-02 00:00:00-04:00,1,0.06495882612651108,0.935041173873489,0.002838605754404257,0.07784447296654302
170,2021-09-03 00:00:00-04:00,1,0.07980735978775182,0.9201926402122482,-0.0003350872611813474,0.07800973017791428
171,2021-09-07 00:00:00-04:00,1,0.06402287022064898,0.935977129779351,-0.0034013524523203464,0.07934222779846188
172,2021-09-08 00:00:00-04:00,1,0.07079007879015796,0.9292099212098421,-0.001319436813816666,0.07976049411177817
173,2021-09-09 00:00:00-04:00,1,0.0663937017376669,0.9336062982623331,-0.004616247150002522,0.08206577721296011
174,2021-09-10 00:00:00-04:00,1,0.11059011618589215,0.8894098838141079,-0.0077525522862761,0.08596889978916218
175,2021-09-13 00:00:00-04:00,1,0.06395012848888716,0.9360498715111129,0.002273900346369644,0.08616943836402961
176,2021-09-14 00:00:00-04:00,1,0.07393415413429935,0.9260658458657006,-0.005763213966258604,0.08792085896271011
177,2021-09-15 00:00:00-04:00,1,0.12997322169142608,0.870026778308574,0.008438294222079725,0.08954294011620316
178,2021-09-16 00:00:00-04:00,1,0.0693130135298226,0.9306869864701773,-0.0015523447127638308,0.07971511469919045
179,2021-09-17 00:00:00-04:00,1,0.15818593862539354,0.8418140613746065,-0.0091526302757993,0.08718614363382644
180,2021-09-20 00:00:00-04:00,0,0.7050620957801269,0.29493790421987304,-0.017123077726381844,0.10198940093672743
181,2021-09-21 00:00:00-04:00,1,0.07102075961519091,0.9289792403848092,-0.0008126886585469564,0.09572046273124134
182,2021-09-22 00:00:00-04:00,1,0.17035462075338964,0.8296453792466103,0.009474585224220084,0.10286651627077432
183,2021-09-23 00:00:00-04:00,1,0.34136701526596364,0.6586329847340363,0.012061680369935969,0.11246310412062835
184,2021-09-24 00:00:00-04:00,1,0.06848691032558259,0.9315130896744174,0.0014599428113642636,0.11086224455387393
185,2021-09-27 00:00:00-04:00,1,0.06189222027161935,0.9381077797283807,-0.002780243920187674,0.10599420206146884
186,2021-09-28 00:00:00-04:00,0,0.8578187812479445,0.14218121875205536,-0.020574317739894057,0.12532209054646215
187,2021-09-29 00:00:00-04:00,1,0.07692982963900434,0.9230701703609957,0.0015679543362838073,0.12594427782087764
188,2021-09-30 00:00:00-04:00,1,0.37909312625541336,0.6209068737445868,-0.011981202945014901,0.13063341878408158
189,2021-10-01 00:00:00-04:00,1,0.36561662209551066,0.6343833779044894,0.011425952113334161,0.13856227424080594
190,2021-10-04 00:00:00-04:00,0,0.530152264614519,0.469847735385481,-0.013070952048643704,0.14378101407288582
191,2021-10-05 00:00:00-04:00,1,0.3522444613206518,0.6477555386793482,0.010469517498601526,0.1510775292132637
192,2021-10-06 00:00:00-04:00,1,0.11506714355038436,0.8849328564496157,0.004094399349624824,0.1525995553490738
193,2021-10-07 00:00:00-04:00,1,0.23264227330189263,0.7673577266981074,0.008264039225065405,0.15613814568565318
194,2021-10-08 00:00:00-04:00,1,0.12320587886241553,0.8767941211375845,-0.0019155566024214522,0.1541780831079318
195,2021-10-11 00:00:00-04:00,1,0.171056143365194,0.828943856634806,-0.006889441644339833,0.1552142495238356
196,2021-10-12 00:00:00-04:00,1,0.1202469456619201,0.8797530543380799,-0.0024197056865549256,0.1543670845729878
197,2021-10-13 00:00:00-04:00,1,0.10977726272899939,0.8902227372710007,0.0030179558702319183,0.15111263977844933
198,2021-10-14 00:00:00-04:00,0,0.8599969837701144,0.14000301622988567,0.016919162285711567,0.16438110435466968
199,2021-10-15 00:00:00-04:00,1,0.22657468383239038,0.7734253161676097,0.007432520637190081,0.16320403949978682
200,2021-10-18 00:00:00-04:00,1,0.10602401876373785,0.8939759812362621,0.0033690878018038262,0.14961474921039133
201,2021-10-19 00:00:00-04:00,1,0.1714643840641053,0.8285356159358946,0.007366142784235753,0.15078231391767616
202,2021-10-20 00:00:00-04:00,1,0.10339015717162159,0.8966098428283783,0.003657333598560689,0.14828146540330633
203,2021-10-21 00:00:00-04:00,1,0.09329232487818255,0.9067076751218174,0.002991393168360022,0.1431802285707567
204,2021-10-22 00:00:00-04:00,1,0.10563529926054618,0.8943647007394537,-0.0010731292246643565,0.1433826933313186
205,2021-10-25 00:00:00-04:00,1,0.09870062703005955,0.9012993729699404,0.004736959440853509,0.1432413847694937
206,2021-10-26 00:00:00-04:00,1,0.06936831027429159,0.9306316897257084,0.0018181414322441137,0.11748052759293601
207,2021-10-27 00:00:00-04:00,1,0.07346979848156474,0.9265302015184353,-0.0050643703711055294,0.12049052001687155
208,2021-10-28 00:00:00-04:00,1,0.1897221861554624,0.8102778138445376,0.009781288424184026,0.11101116921626766
209,2021-10-29 00:00:00-04:00,1,0.06472673347422421,0.9352732665257758,0.0019474372317175562,0.10676464549331816
210,2021-11-01 00:00:00-04:00,1,0.06538018632080177,0.9346198136791982,0.0017984589459023885,0.0890828187361198
211,2021-11-02 00:00:00-04:00,1,0.06251525855499418,0.9374847414450058,0.003673607120388547,0.08522905980347287
212,2021-11-03 00:00:00-04:00,1,0.0833569919634607,0.9166430080365393,0.00644049461289024,0.08596827612773977
213,2021-11-04 00:00:00-04:00,1,0.06395290745208942,0.9360470925479106,0.004173222342817036,0.08403528741937168
214,2021-11-05 00:00:00-04:00,1,0.0634845097621776,0.9365154902378224,0.003725850045284445,0.08193999048422046
215,2021-11-08 00:00:00-05:00,1,0.07691118679323819,0.9230888132067617,0.0008873940607025194,0.07321028862139606
216,2021-11-09 00:00:00-05:00,1,0.06589600550206454,0.9341039944979356,-0.0035049109264001276,0.07451474492922722
217,2021-11-10 00:00:00-05:00,1,0.1255450059969095,0.8744549940030906,-0.008259842163861058,0.08579318781575895
218,2021-11-11 00:00:00-05:00,1,0.08230584219797706,0.9176941578020229,0.0005507883329889288,0.06894817459997012
219,2021-11-12 00:00:00-05:00,1,0.10678092960995056,0.8932190703900494,0.007196697564130407,0.06872106670338737
220,2021-11-15 00:00:00-05:00,1,0.08808439793849088,0.9119156020615091,-1.0739878017001878e-05,0.0690769129750944
221,2021-11-16 00:00:00-05:00,1,0.07011611915649786,0.929883880843502,0.0038577790571266367,0.06663702284494305
222,2021-11-17 00:00:00-05:00,1,0.06969527357435633,0.9303047264256438,-0.0026050154828958787,0.06821803185055736
223,2021-11-18 00:00:00-05:00,1,0.06866766535519556,0.9313323346448044,0.0033790647401719144,0.06833268694475399
224,2021-11-19 00:00:00-05:00,1,0.07538695219498227,0.9246130478050176,-0.001399644604988097,0.0685162728423664
225,2021-11-22 00:00:00-05:00,1,0.06807899348178005,0.9319210065182199,-0.003202258316960725,0.06956907358163918
226,2021-11-23 00:00:00-05:00,1,0.07317145755408015,0.9268285424459198,0.001655761383195201,0.06955415554314143
227,2021-11-24 00:00:00-05:00,1,0.07218733042102837,0.9278126695789717,0.0022912237766672798,0.06547713565018769
228,2021-11-26 00:00:00-05:00,0,0.8846008469317339,0.11539915306826612,-0.022987011159321162,0.10354545631673395
229,2021-11-29 00:00:00-05:00,1,0.42775490812039435,0.5722450918796057,0.013113836082824229,0.11346970537757443
230,2021-11-30 00:00:00-05:00,0,0.8349270960278554,0.1650729039721445,-0.019143381187850562,0.1330467997415285
231,2021-12-01 00:00:00-05:00,1,0.4005669170282478,0.5994330829717522,-0.011885541457955926,0.13793382667611
232,2021-12-02 00:00:00-05:00,0,0.6244332670227469,0.37556673297725307,0.014094638396057768,0.1460573337806064
233,2021-12-03 00:00:00-05:00,1,0.20575654064536952,0.7942434593546305,-0.00848445514173865,0.14712876395197122
234,2021-12-06 00:00:00-05:00,1,0.4660957378487207,0.5339042621512792,0.011662599309686139,0.15345509650255967
235,2021-12-07 00:00:00-05:00,0,0.9445976054139237,0.05540239458607637,0.020495603186252546,0.17160207521777096
236,2021-12-08 00:00:00-05:00,1,0.17849087854338128,0.8215091214566187,0.003080535586585806,0.17149129158155865
237,2021-12-09 00:00:00-05:00,1,0.25749288060797637,0.7425071193920235,-0.007206988232523656,0.17084436733996397
238,2021-12-10 00:00:00-05:00,1,0.42801708126686555,0.5719829187331346,0.009503769118209724,0.17399909582622358
239,2021-12-13 00:00:00-05:00,1,0.41391433401947175,0.5860856659805282,-0.009178158342793815,0.17555447009725816
240,2021-12-14 00:00:00-05:00,1,0.31409143396818967,0.6859085660318104,-0.0074987228546236715,0.17747818325191045
241,2021-12-15 00:00:00-05:00,0,0.9097774149865231,0.09022258501347688,0.016216267351890877,0.1867056552736763
242,2021-12-16 00:00:00-05:00,1,0.4890065546226523,0.5109934453773478,-0.008781863311112446,0.1891616965339752
243,2021-12-17 00:00:00-05:00,0,0.6358376726375939,0.36416232736240595,-0.01034096458405368,0.19195413731666666
244,2021-12-20 00:00:00-05:00,0,0.7421251226847415,0.25787487731525854,-0.01145339832325659,0.19558449033454886
245,2021-12-21 00:00:00-05:00,0,0.9646174112228861,0.035382588777113894,0.017621755385195486,0.2066953110429982
246,2021-12-22 00:00:00-05:00,0,0.738506689522697,0.2614933104773029,0.010128728029127596,0.20995440265505674
247,2021-12-23 00:00:00-05:00,1,0.4919709263990903,0.5080290736009098,0.006204412685251626,0.21096243881354648
248,2021-12-27 00:00:00-05:00,0,0.8682563330871576,0.13174366691284248,0.013744051573605864,0.19711946909991096
249,2021-12-28 00:00:00-05:00,1,0.3297031269378738,0.670296873062126,-0.0010106653988873737,0.1929798694751262
250,2021-12-29 00:00:00-05:00,1,0.22219706667364472,0.7778029333263552,0.0014009134018576786,0.17711631919767173
251,2021-12-30 00:00:00-05:00,1,0.17335851507986688,0.8266414849201332,-0.002994233841904309,0.1702742073341215
252,2021-12-31 00:00:00-05:00,1,0.15707115553426618,0.8429288444657338,-0.0026296343734744394,0.16593241611250495
253,2022-01-03 00:00:00-05:00,1,0.18035117488648397,0.819648825113516,0.006353824170388397,0.16177637469524633
254,2022-01-04 00:00:00-05:00,1,0.15324009824527157,0.8467599017547285,-0.0006298202522032699,0.15866482860118156
255,2022-01-05 00:00:00-05:00,0,0.9125371628282415,0.08746283717175851,-0.019583264304501073,0.16097026030235087
256,2022-01-06 00:00:00-05:00,1,0.1549466561079092,0.8450533438920909,-0.0009642337401809882,0.1606326569443625
257,2022-01-07 00:00:00-05:00,1,0.1336085183070387,0.8663914816929613,-0.004058441082336512,0.15915533863612483
258,2022-01-10 00:00:00-05:00,1,0.1309676772414798,0.8690323227585203,-0.0014420705375388979,0.15527512804160448
259,2022-01-11 00:00:00-05:00,1,0.2777606219380124,0.7222393780619876,0.009118286452399373,0.15520858231320558
260,2022-01-12 00:00:00-05:00,1,0.11362701912688085,0.8863729808731191,0.0028137920146670695,0.15247887537195212
261,2022-01-13 00:00:00-05:00,0,0.6669386257048593,0.3330613742951407,-0.014346029234400533,0.15057013565370386
262,2022-01-14 00:00:00-05:00,1,0.11745611588771394,0.882543884112286,0.0008196442695905652,0.1474260047249507
263,2022-01-18 00:00:00-05:00,0,0.8838132243152915,0.11618677568470856,-0.0185591053980085,0.15756302539327127
264,2022-01-19 00:00:00-05:00,1,0.32515269099797345,0.6748473090020266,-0.009736790941460195,0.15608732493596192
265,2022-01-20 00:00:00-05:00,1,0.3700465083643894,0.6299534916356105,-0.011098742304330734,0.1450389141551782
266,2022-01-21 00:00:00-05:00,0,0.8763197955181886,0.1236802044818114,-0.019095995324635427,0.1501070216044061
267,2022-01-24 00:00:00-05:00,1,0.10266126176692802,0.8973387382330719,0.0027679047582695165,0.14770210130258374
268,2022-01-25 00:00:00-05:00,1,0.42185148361848235,0.5781485163815177,-0.012246590556866267,0.13589952311289363
269,2022-01-26 00:00:00-05:00,1,0.08871178782429416,0.9112882121757058,-0.0014977569258856588,0.13573237092814402
270,2022-01-27 00:00:00-05:00,1,0.08981637207861995,0.9101836279213801,-0.005398635199970923,0.13375692609552958
271,2022-01-28 00:00:00-05:00,0,0.9649962297997791,0.03500377020022088,0.024055967914736694,0.16922208595865923
272,2022-01-31 00:00:00-05:00,0,0.9504576595342598,0.04954234046574018,0.018709826222984446,0.18713130054215343
273,2022-02-01 00:00:00-05:00,1,0.34836134285287523,0.6516386571471248,0.006839560348317067,0.18745069981436252
274,2022-02-02 00:00:00-05:00,0,0.5603369666114678,0.43966303338853213,0.009378400448324454,0.19220620560788862
275,2022-02-03 00:00:00-05:00,0,0.9869793040886534,0.013020695911346575,-0.024693471720120656,0.19907756521253336
276,2022-02-04 00:00:00-05:00,1,0.3774622303075816,0.6225377696924185,0.005143678439863626,0.2008474630011873
277,2022-02-07 00:00:00-05:00,1,0.35336804115089315,0.6466319588491068,-0.003708580927828488,0.20080665996779595
278,2022-02-08 00:00:00-05:00,0,0.5744808215014635,0.42551917849853654,0.00836611346663433,0.20422760879602195
279,2022-02-09 00:00:00-05:00,0,0.9209862408127508,0.07901375918724919,0.014412842079264784,0.20873438052414478
280,2022-02-10 00:00:00-05:00,0,0.9769951509158367,0.023004849084163278,-0.01828182448505601,0.2164376938355227
281,2022-02-11 00:00:00-05:00,0,0.9830317327435449,0.016968267256455002,-0.019151682638086528,0.22058562512611585
282,2022-02-14 00:00:00-05:00,1,0.4920241746419687,0.5079758253580312,-0.0038479907556283146,0.22023417226436762
283,2022-02-15 00:00:00-05:00,0,0.9604807303780535,0.039519269621946504,0.015643717646064172,0.22140387101838505
284,2022-02-16 00:00:00-05:00,0,0.522253270906107,0.4777467290938931,0.0008808197202838003,0.21915263852201886
285,2022-02-17 00:00:00-05:00,0,0.9909909854690625,0.009009014530937392,-0.021400504136936647,0.22852308653190273
286,2022-02-18 00:00:00-05:00,0,0.607004808801234,0.3929951911987661,-0.007191961663866342,0.21987143541489354
287,2022-02-22 00:00:00-05:00,0,0.8025895132857765,0.19741048671422354,-0.010194735435016016,0.22207200682900324
288,2022-02-23 00:00:00-05:00,0,0.9838801807931621,0.01611981920683794,-0.018583735748788438,0.22732662062494927
289,2022-02-24 00:00:00-05:00,0,0.9639861106886811,0.03601388931131886,0.014846105252724002,0.23463880982176663
290,2022-02-25 00:00:00-05:00,0,0.9947716909725324,0.005228309027467646,0.022126080551265786,0.24733999679447521
291,2022-02-28 00:00:00-05:00,0,0.5679937742348434,0.4320062257651566,-0.0024455914631261143,0.23148345000602547
292,2022-03-01 00:00:00-05:00,0,0.9637836162968303,0.03621638370316968,-0.015594467786613053,0.22536264364183
293,2022-03-02 00:00:00-05:00,0,0.9863456195398279,0.013654380460172089,0.018471046780652183,0.2352347738232796
294,2022-03-03 00:00:00-05:00,0,0.5938758195678219,0.4061241804321781,-0.005268520744245652,0.23172992870719158
295,2022-03-04 00:00:00-05:00,0,0.6405721328271583,0.35942786717284164,-0.007965684543001903,0.21768585447315017
296,2022-03-07 00:00:00-05:00,0,0.9971034618442498,0.002896538155750206,-0.029962586814416495,0.23781247288840077
297,2022-03-08 00:00:00-05:00,0,0.713397454636087,0.2866025453639131,-0.007260043975698096,0.23819898413347076
298,2022-03-09 00:00:00-05:00,0,0.9971227012665053,0.0028772987334947588,0.025373598122141117,0.2564973839665753
299,2022-03-10 00:00:00-05:00,0,0.6586758164782648,0.34132418352173527,-0.004301049920247209,0.24834235825660372
300,2022-03-11 00:00:00-05:00,0,0.9495097299648264,0.05049027003517358,-0.013046278933238144,0.24493864900544587
301,2022-03-14 00:00:00-04:00,0,0.7240408609006928,0.27595913909930725,-0.007448675095533314,0.23842039502452164
302,2022-03-15 00:00:00-04:00,0,0.9945437322609324,0.005456267739067585,0.021182629724144964,0.2531434581365035
303,2022-03-16 00:00:00-04:00,0,0.9958705597144114,0.004129440285588582,0.022136921648393443,0.25996946640715435
304,2022-03-17 00:00:00-04:00,0,0.9537589998547223,0.04624100014527768,0.012272205068700267,0.2643346142032293
305,2022-03-18 00:00:00-04:00,0,0.9339221845871678,0.0660778154128322,0.011594814411888112,0.25589737926471906
306,2022-03-21 00:00:00-04:00,0,0.7221943468380978,0.2778056531619022,-0.0004347548543014596,0.2541686765370458
307,2022-03-22 00:00:00-04:00,0,0.9217772774886293,0.0782227225113708,0.011240699554074212,0.25272413308755404
308,2022-03-23 00:00:00-04:00,0,0.9390152532020819,0.06098474679791813,-0.012348630252495208,0.24677432225546655
309,2022-03-24 00:00:00-04:00,0,0.9663502074838004,0.03364979251619953,0.014242012281618024,0.2463876293300479
310,2022-03-25 00:00:00-04:00,0,0.6103625235323052,0.3896374764676948,0.005053380704237665,0.23568909616491918
311,2022-03-28 00:00:00-04:00,0,0.6950370968301536,0.30496290316984637,0.007119551020042568,0.23586305415535025
312,2022-03-29 00:00:00-04:00,0,0.9053315096133905,0.0946684903866095,0.01218204410139109,0.22847908271059328
313,2022-03-30 00:00:00-04:00,0,0.5874493118139121,0.41255068818608787,-0.006313588999088777,0.22403810329295532
314,2022-03-31 00:00:00-04:00,0,0.9705881139814917,0.029411886018508367,-0.015776335226881762,0.2317810048201571
315,2022-04-01 00:00:00-04:00,0,0.546489147628713,0.4535108523712871,0.0034044209614630277,0.22887273162014413
316,2022-04-04 00:00:00-04:00,1,0.47897897853276017,0.5210210214672399,0.008058382532133647,0.19470957367244238
317,2022-04-05 00:00:00-04:00,0,0.8315414486704586,0.16845855132954135,-0.01263115907400537,0.19982236101073625
318,2022-04-06 00:00:00-04:00,0,0.5649915143292307,0.43500848567076944,-0.009764433912479721,0.1887768893991198
319,2022-04-07 00:00:00-04:00,1,0.26724193604635565,0.7327580639536443,0.004244365552037262,0.18723172250038203
320,2022-04-08 00:00:00-04:00,1,0.217394350556499,0.782605649443501,-0.0026545466755523947,0.1790600502005739
321,2022-04-11 00:00:00-04:00,0,0.9321535349042346,0.06784646509576539,-0.017021334584696127,0.18957415767342123
322,2022-04-12 00:00:00-04:00,1,0.20788199403792942,0.7921180059620706,-0.0034233005304522353,0.1776560234786671
323,2022-04-13 00:00:00-04:00,1,0.49384106178150916,0.5061589382184909,0.011112603268901934,0.1645458183875845
324,2022-04-14 00:00:00-04:00,0,0.5940066938959896,0.40599330610401047,-0.012218480383508163,0.16527203372192598
325,2022-04-18 00:00:00-04:00,1,0.1631492035287084,0.8368507964712917,-0.0002048892724065068,0.15928634899716165
326,2022-04-19 00:00:00-04:00,0,0.8467703416789454,0.15322965832105467,0.01593004474938665,0.1700234260908173
327,2022-04-20 00:00:00-04:00,1,0.17706791030696192,0.8229320896930381,-0.0006186664061825758,0.16476516198424415
328,2022-04-21 00:00:00-04:00,0,0.7880114985983367,0.21198850140166334,-0.014862855551311067,0.16736785517606897
329,2022-04-22 00:00:00-04:00,0,0.9848790802098372,0.015120919790162864,-0.028132076377366966,0.18393701612437463
330,2022-04-25 00:00:00-04:00,1,0.2794494260170637,0.7205505739829363,0.0056817651441118085,0.18430718337251847
331,2022-04-26 00:00:00-04:00,0,0.9915174862818854,0.008482513718114596,-0.028550008928597752,0.2015438243873306
332,2022-04-27 00:00:00-04:00,1,0.31089675837193637,0.6891032416280637,0.0020958490249645954,0.19343632282641887
333,2022-04-28 00:00:00-04:00,0,0.9926831842641158,0.0073168157358841435,0.024445655340832175,0.2198502819288262
334,2022-04-29 00:00:00-04:00,0,0.9981752520529544,0.0018247479470455258,-0.03695915978469415,0.2467005373053689
335,2022-05-02 00:00:00-04:00,0,0.6886377768049985,0.3113622231950015,0.005659199293818601,0.24779864563417733
336,2022-05-03 00:00:00-04:00,0,0.6569245842866409,0.3430754157133591,0.004825465075359521,0.2458855189428311
337,2022-05-04 00:00:00-04:00,0,0.9983932902371595,0.0016067097628405217,0.029425221557325833,0.2717435885135172
338,2022-05-05 00:00:00-04:00,0,0.9990912632737613,0.000908736726238788,-0.03630067756409906,0.29630359083754526
339,2022-05-06 00:00:00-04:00,0,0.8139728784862581,0.18602712151374198,-0.00569038441395277,0.2947869960963508
340,2022-05-09 00:00:00-04:00,0,0.9990852730742117,0.0009147269257882938,-0.03256151953960419,0.31113637558143264
341,2022-05-10 00:00:00-04:00,0,0.8077514256515637,0.19224857434843634,0.002454881760409255,0.309553447023934
342,2022-05-11 00:00:00-04:00,0,0.9926146904527636,0.0073853095472365,-0.016600232095697796,0.31224483040399303
343,2022-05-12 00:00:00-04:00,0,0.8182033905749189,0.1817966094250812,-0.0012968049941124407,0.3065144375537077
344,2022-05-13 00:00:00-04:00,0,0.9982532764200281,0.0017467235799719148,0.023589267956869442,0.3230562017702655
345,2022-05-16 00:00:00-04:00,0,0.8184154494045337,0.18158455059546624,-0.003954208517722458,0.32268691746431744
346,2022-05-17 00:00:00-04:00,0,0.9968929899977697,0.003107010002230284,0.01996891958146264,0.326387484179678
347,2022-05-18 00:00:00-04:00,0,0.9993778697375997,0.0006221302624002254,-0.041233809291248875,0.35110269794516324
348,2022-05-19 00:00:00-04:00,0,0.8586738854010796,0.14132611459892044,-0.005850864777347809,0.34967597141430634
349,2022-05-20 00:00:00-04:00,0,0.8610294832000741,0.13897051679992595,0.0001461310919903067,0.34016055076472546
350,2022-05-23 00:00:00-04:00,0,0.9959722136568768,0.00402778634312314,0.018384995412060758,0.3481168195907845
351,2022-05-24 00:00:00-04:00,0,0.9085447116424659,0.0914552883575342,-0.008153950903558081,0.3362893333469288
352,2022-05-25 00:00:00-04:00,0,0.9365657832648706,0.0634342167351294,0.009406385648931585,0.3387165370707963
353,2022-05-26 00:00:00-04:00,0,0.996821258184242,0.0031787418157580506,0.019688166007720866,0.334083383203132
354,2022-05-27 00:00:00-04:00,0,0.9984186409686661,0.001581359031333976,0.024441130195822013,0.3215597987215618
355,2022-05-31 00:00:00-04:00,0,0.8552130789209696,0.14478692107903038,-0.006294135193666945,0.32172541458225384
356,2022-06-01 00:00:00-04:00,0,0.8865261621647306,0.11347383783526942,-0.007510905041155451,0.3221086514110807
357,2022-06-02 00:00:00-04:00,0,0.9950801539593847,0.004919846040615315,0.018263225415545106,0.31039616515523505
358,2022-06-03 00:00:00-04:00,0,0.9906521073690806,0.009347892630919386,-0.016482405609817057,0.28805580566678407
359,2022-06-06 00:00:00-04:00,0,0.7725474617683552,0.2274525382316448,0.003132489407036025,0.28763495534451317
360,2022-06-07 00:00:00-04:00,0,0.8840756881618147,0.11592431183818541,0.00947833153171984,0.2621391126080066
361,2022-06-08 00:00:00-04:00,0,0.9283411946301042,0.07165880536989577,-0.010852623040155319,0.2661118159494984
362,2022-06-09 00:00:00-04:00,0,0.9974630407360839,0.00253695926391605,-0.02408645766515553,0.274041678131209
363,2022-06-10 00:00:00-04:00,0,0.9987802170320437,0.0012197829679562592,-0.029542414811409477,0.29479063417278567
364,2022-06-13 00:00:00-04:00,0,0.9992432457395564,0.0007567542604436066,-0.03953993199003993,0.3114308280134523
365,2022-06-14 00:00:00-04:00,0,0.8073446715488974,0.1926553284511025,-0.003780818039489633,0.31142830070880495
366,2022-06-15 00:00:00-04:00,0,0.985791302618037,0.01420869738196297,0.014487058836534478,0.3065134321366826
367,2022-06-16 00:00:00-04:00,0,0.9989744658315077,0.001025534168492366,-0.033052207113840666,0.29439540410717263
368,2022-06-17 00:00:00-04:00,0,0.7909890636042483,0.20901093639575177,0.0021984473410133873,0.2948876373348808
369,2022-06-21 00:00:00-04:00,0,0.9982516213204882,0.0017483786795118072,0.024182474960671992,0.3102156329485013
370,2022-06-22 00:00:00-04:00,0,0.8115512763668051,0.18844872363319495,-0.0013024200953574458,0.3009745897608112
371,2022-06-23 00:00:00-04:00,0,0.9257392954837906,0.07426070451620935,0.00948707248555652,0.3032912952066573
372,2022-06-24 00:00:00-04:00,0,0.9990300500721558,0.0009699499278441923,0.030105539729901033,0.32184370083174596
373,2022-06-27 00:00:00-04:00,0,0.808055257195105,0.19194474280489515,-0.0029774998903406716,0.31258389040448814
374,2022-06-28 00:00:00-04:00,0,0.9966485055495582,0.0033514944504418422,-0.0203486731494949,0.3026416663116549
375,2022-06-29 00:00:00-04:00,0,0.8238875509867519,0.17611244901324818,-0.0007119988201726959,0.302783318970547
376,2022-06-30 00:00:00-04:00,0,0.9088878740129649,0.0911121259870351,-0.008797866246367652,0.30301884482334174
377,2022-07-01 00:00:00-04:00,0,0.9431006439963731,0.056899356003626944,0.010498511296639174,0.29663630159368143
378,2022-07-05 00:00:00-04:00,0,0.7971442136746776,0.2028557863253224,0.0015828751061934918,0.2937906402363845
379,2022-07-06 00:00:00-04:00,0,0.7836675464015594,0.21633245359844047,0.003566795705066178,0.29392453916894823
380,2022-07-07 00:00:00-04:00,0,0.9863719691231531,0.013628030876846919,0.014853723180930391,0.29766095650976615
381,2022-07-08 00:00:00-04:00,0,0.8135783633920235,0.18642163660797653,-0.00083061639612735,0.29636729719083515
382,2022-07-11 00:00:00-04:00,0,0.9568515959985764,0.043148404001423536,-0.011594417660525545,0.28759898144285045
383,2022-07-12 00:00:00-04:00,0,0.890597660519009,0.10940233948099103,-0.00928686849749371,0.27041607229184383
384,2022-07-13 00:00:00-04:00,0,0.562770091847198,0.43722990815280205,-0.00446686411181668,0.22984132109230682
385,2022-07-14 00:00:00-04:00,0,0.5520607765923338,0.4479392234076663,-0.003003138812764307,0.22965716228900182
386,2022-07-15 00:00:00-04:00,0,0.9874882390203795,0.012511760979620427,0.01901923165863364,0.23378448024797316
387,2022-07-18 00:00:00-04:00,0,0.5463077267816293,0.4536922732183707,-0.008398742485835936,0.20018269945834744
388,2022-07-19 00:00:00-04:00,0,0.9943669619042507,0.005633038095749327,0.02725351764373082,0.21906453824044356
389,2022-07-20 00:00:00-04:00,1,0.4355547934331053,0.5644452065668947,0.0058784939410571665,0.20528083915353287
390,2022-07-21 00:00:00-04:00,0,0.6949775258360589,0.30502247416394107,0.00981306668950467,0.20632034554810197
391,2022-07-22 00:00:00-04:00,0,0.6836707020596821,0.316329297940318,-0.009376287293813849,0.20939582020675207
392,2022-07-25 00:00:00-04:00,1,0.24837411035952559,0.7516258896404745,0.001314302973305868,0.1814728358185471
393,2022-07-26 00:00:00-04:00,0,0.6939154066526653,0.3060845933473348,-0.011610342599263359,0.18631535931697418
394,2022-07-27 00:00:00-04:00,0,0.9849867497416404,0.015013250258359733,0.025820048778629066,0.19058416957247487
395,2022-07-28 00:00:00-04:00,0,0.766335113888052,0.233664886111948,0.012060319791912806,0.19303820872283495
396,2022-07-29 00:00:00-04:00,0,0.860433489612047,0.139566510387953,0.014107775781753557,0.1912476315713183
397,2022-08-01 00:00:00-04:00,1,0.289982301592559,0.710017698407441,-0.002827076544916728,0.19142425660839626
398,2022-08-02 00:00:00-04:00,1,0.3950017998327915,0.6049982001672084,-0.00668468837887098,0.19485232701201582
399,2022-08-03 00:00:00-04:00,0,0.9253599596559963,0.07464004034400377,0.015517456270090707,0.199643996937805
400,2022-08-04 00:00:00-04:00,1,0.35684279897143345,0.6431572010285665,-0.0007776424495837734,0.19592187138324796
401,2022-08-05 00:00:00-04:00,1,0.3377738886877555,0.6622261113122445,-0.0016270690189191196,0.19615386237689225
402,2022-08-08 00:00:00-04:00,1,0.2986145741073647,0.7013854258926354,-0.0012383171221209141,0.18921658566639699
403,2022-08-09 00:00:00-04:00,1,0.256700823246115,0.7432991767538849,-0.004257744235926498,0.18548815511832178
404,2022-08-10 00:00:00-04:00,0,0.9732000386466797,0.026799961353320228,0.021067158460407496,0.1923643842816888
405,2022-08-11 00:00:00-04:00,1,0.32576853841884956,0.6742314615811504,-0.0007057229222018175,0.1912500614149362
406,2022-08-12 00:00:00-04:00,0,0.9346562980758815,0.06534370192411848,0.017174046951492668,0.18958887325592713
407,2022-08-15 00:00:00-04:00,1,0.23837011083485402,0.7616298891651461,0.003961684056233163,0.18285188104705005
408,2022-08-16 00:00:00-04:00,1,0.15767979336848273,0.8423202066315172,0.0018739228259478625,0.16452782931235152
409,2022-08-17 00:00:00-04:00,1,0.25289884005535557,0.7471011599446443,-0.007264114867648021,0.16957652799451886
410,2022-08-18 00:00:00-04:00,1,0.16844796826789965,0.8315520317321003,0.0022669896063847975,0.16814714250226417
411,2022-08-19 00:00:00-04:00,0,0.7005996824101889,0.29940031758981106,-0.012983928713038868,0.17223214556122002
412,2022-08-22 00:00:00-04:00,0,0.9765256864773142,0.023474313522685898,-0.021632366466494565,0.19360364416627635
413,2022-08-23 00:00:00-04:00,1,0.27063201307207096,0.729367986927929,-0.002240370434437464,0.1875577265197583
414,2022-08-24 00:00:00-04:00,1,0.1574340584822741,0.842565941517726,0.002911916698724165,0.16633770856214497
415,2022-08-25 00:00:00-04:00,0,0.7427144230310504,0.25728557696894955,0.013993241836107048,0.1681074024358001
416,2022-08-26 00:00:00-04:00,0,0.9940858676923225,0.005914132307677537,-0.03426857631703952,0.20398379573152517
417,2022-08-29 00:00:00-04:00,1,0.4715946894892128,0.5284053105107872,-0.0066886751973248065,0.20492926350253743
418,2022-08-30 00:00:00-04:00,0,0.7832748293891066,0.2167251706108933,-0.011089416492117008,0.20711181952240285
419,2022-08-31 00:00:00-04:00,1,0.49286729662086165,0.5071327033791383,-0.007847738208153028,0.19836956906604278
420,2022-09-01 00:00:00-04:00,1,0.3420821834346089,0.6579178165653911,0.0029917522671948716,0.1992450508954182
421,2022-09-02 00:00:00-04:00,0,0.7333690998278524,0.2666309001721477,-0.010794552570724387,0.20149121342532958
422,2022-09-06 00:00:00-04:00,1,0.3613887022291903,0.6386112977708097,-0.004103464690895143,0.2014649440546279
423,2022-09-07 00:00:00-04:00,0,0.9752835273508452,0.02471647264915478,0.018174848666169877,0.21473227212276347
424,2022-09-08 00:00:00-04:00,1,0.4286594247961853,0.5713405752038146,0.006588966880442448,0.19996057286935462
425,2022-09-09 00:00:00-04:00,0,0.9375726646131847,0.062427335386815275,0.01515601498121106,0.20952940914777826
426,2022-09-12 00:00:00-04:00,0,0.7232287723646541,0.27677122763534595,0.010528651483995635,0.20281399594174826
427,2022-09-13 00:00:00-04:00,0,0.9984638492535086,0.001536150746491391,-0.04419916303197406,0.2504253541920705
428,2022-09-14 00:00:00-04:00,0,0.6635256537471375,0.3364743462528625,0.003381289078844715,0.25098526014316774
429,2022-09-15 00:00:00-04:00,0,0.9243571971731932,0.07564280282680676,-0.011382272168149512,0.25204161409194037
430,2022-09-16 00:00:00-04:00,0,0.7624317774044828,0.23756822259551735,-0.007208049775663175,0.2508780844286048
431,2022-09-19 00:00:00-04:00,0,0.7516318774636803,0.24836812253631976,0.006833697724705768,0.252408334421019
432,2022-09-20 00:00:00-04:00,0,0.9133708833967219,0.08662911660327813,-0.011336114736600402,0.245442783857559
433,2022-09-21 00:00:00-04:00,0,0.9867102563953191,0.013289743604680881,-0.01726467409850635,0.25014480951327994
434,2022-09-22 00:00:00-04:00,0,0.8137480414917594,0.18625195850824058,-0.008463293830453985,0.24906297365067873
435,2022-09-23 00:00:00-04:00,0,0.9849015620335917,0.015098437966408291,-0.017382828767330778,0.24239134675334947
436,2022-09-26 00:00:00-04:00,0,0.8034965401009255,0.19650345989907436,-0.010394360890280502,0.2197682650474748
437,2022-09-27 00:00:00-04:00,1,0.4983540267069511,0.5016459732930489,-0.0021226109548247284,0.21996250058514047
438,2022-09-28 00:00:00-04:00,0,0.9889655125308227,0.011034487469177309,0.019481144181152356,0.23498550505321067
439,2022-09-29 00:00:00-04:00,0,0.9935200969778402,0.006479903022159725,-0.0213527948230975,0.24307448144726623
440,2022-09-30 00:00:00-04:00,0,0.9736935468259732,0.02630645317402681,-0.0151813515462093,0.2445544821867753
441,2022-10-03 00:00:00-04:00,0,0.9976011961821856,0.0023988038178143615,0.02555457753093017,0.26630393857576595
442,2022-10-04 00:00:00-04:00,0,0.9987829585249177,0.0012170414750821785,0.030125341416799834,0.29136091168702943
443,2022-10-05 00:00:00-04:00,0,0.7695386774138753,0.23046132258612476,-0.0020199875589381176,0.28191797657333356
444,2022-10-06 00:00:00-04:00,0,0.9292523609837321,0.07074763901626793,-0.010297922911395202,0.2810422418776184
445,2022-10-07 00:00:00-04:00,0,0.9985496987037586,0.0014503012962413114,-0.028403196531478058,0.2854426631530191
446,2022-10-10 00:00:00-04:00,0,0.8443231357607088,0.1556768642392913,-0.007520673133652772,0.2790728582602424
447,2022-10-11 00:00:00-04:00,0,0.6918466354857358,0.3081533645142642,-0.006540518412323781,0.24093351623033624
448,2022-10-12 00:00:00-04:00,0,0.6063218882928402,0.39367811170715983,-0.0032961996501662937,0.23916842544543676
449,2022-10-13 00:00:00-04:00,0,0.9974088779049795,0.002591122095020515,0.025634259307631132,0.2609785044508783
450,2022-10-14 00:00:00-04:00,0,0.9973095573995295,0.0026904426004705022,-0.023947120744528417,0.2710776342503086
451,2022-10-17 00:00:00-04:00,0,0.998313203311008,0.0016867966889919119,0.026135524557561848,0.2892583105482304
452,2022-10-18 00:00:00-04:00,0,0.9552519467129005,0.04474805328709957,0.011362768207087462,0.29172023882354003
453,2022-10-19 00:00:00-04:00,0,0.8294102513727878,0.1705897486272122,-0.006694455239684375,0.28665463302381616
454,2022-10-20 00:00:00-04:00,0,0.8702223424814145,0.12977765751858547,-0.007982686738766696,0.28649962475573565
455,2022-10-21 00:00:00-04:00,0,0.9977771449663969,0.0022228550336031343,0.023447759860447268,0.2925854359297933
456,2022-10-24 00:00:00-04:00,0,0.9615543746860794,0.03844562531392054,0.011811940205111494,0.29193468743099305
457,2022-10-25 00:00:00-04:00,0,0.9904644636579746,0.009535536342025388,0.01613577001587496,0.2957589390534404
458,2022-10-26 00:00:00-04:00,0,0.8579131133106874,0.1420868866893125,-0.007415140398989885,0.29103802163209014
459,2022-10-27 00:00:00-04:00,0,0.7999229444843342,0.20007705551566585,-0.006101185053184453,0.2799955125577989
460,2022-10-28 00:00:00-04:00,0,0.9977869748493068,0.00221302515069319,0.024328036770856338,0.2825019341102386
461,2022-10-31 00:00:00-04:00,0,0.8333048776158805,0.16669512238411952,-0.007482327030336412,0.2736042898272376
462,2022-11-01 00:00:00-04:00,0,0.6810551929383787,0.3189448070616213,-0.0041096637203590055,0.25416080316798084
463,2022-11-02 00:00:00-04:00,0,0.9976922688846205,0.0023077311153795223,-0.025319843737482882,0.27057948206913146
464,2022-11-03 00:00:00-04:00,0,0.928103944055171,0.07189605594482897,-0.010642422531956597,0.27075080628657244
465,2022-11-04 00:00:00-04:00,0,0.9631469676170883,0.036853032382911696,0.013526823285563951,0.25344422600917205
466,2022-11-07 00:00:00-05:00,0,0.8686155099265284,0.13138449007347158,0.00956806167935914,0.2523956967945941
467,2022-11-08 00:00:00-05:00,0,0.6963947576271038,0.30360524237289616,0.005582282828760321,0.2502183517190077
468,2022-11-09 00:00:00-05:00,0,0.995316161942069,0.004683838057931044,-0.020996784712303443,0.26385571094066734
469,2022-11-10 00:00:00-05:00,0,0.999295450735808,0.0007045492641919689,0.05395251566479769,0.311802293816463
470,2022-11-11 00:00:00-05:00,0,0.9131333857179285,0.08686661428207156,0.009198312304769028,0.29445579771631974
471,2022-11-14 00:00:00-05:00,0,0.9017422036186913,0.09825779638130865,-0.008975940544918012,0.287991831381786
472,2022-11-15 00:00:00-05:00,0,0.8923098490748578,0.10769015092514224,0.008675376414669186,0.2871953461980555
473,2022-11-16 00:00:00-05:00,0,0.8814642981171283,0.11853570188287163,-0.008286283111873759,0.2880010896697667
474,2022-11-17 00:00:00-05:00,0,0.769381967225025,0.23061803277497483,-0.0030941046442292835,0.28594361892650577
475,2022-11-18 00:00:00-05:00,0,0.7600480279601622,0.23995197203983776,0.00474729564815821,0.2763498160540005
476,2022-11-21 00:00:00-05:00,0,0.7468591363494108,0.25314086365058913,-0.003891249800275618,0.2751429907936893
477,2022-11-22 00:00:00-05:00,0,0.9727296502524335,0.027270349747566553,0.01348860626982839,0.2734908492403048
478,2022-11-23 00:00:00-05:00,0,0.7754002754895909,0.22459972451040908,0.0058972660417383116,0.2715930786709988
479,2022-11-25 00:00:00-05:00,0,0.7748705609746568,0.22512943902534321,-0.0002830842622024787,0.2699284525733704
480,2022-11-28 00:00:00-05:00,0,0.9836613956235275,0.016338604376472447,-0.015564696794064813,0.2648132702969965
481,2022-11-29 00:00:00-05:00,0,0.7269240663903346,0.2730759336096654,-0.0015931337016243704,0.263190600768318
482,2022-11-30 00:00:00-05:00,0,0.9986804064192393,0.0013195935807607877,0.030478643521294944,0.2820797443707219
483,2022-12-01 00:00:00-05:00,0,0.7394898873340849,0.260510112665915,-0.0008680098296065889,0.2623894950607227
484,2022-12-02 00:00:00-05:00,0,0.7154938571797452,0.2845061428202547,-0.001195374663761461,0.2574721568412029
485,2022-12-05 00:00:00-05:00,0,0.9918153012169142,0.008184698783085897,-0.01805624963097222,0.2670451832192169
486,2022-12-06 00:00:00-05:00,0,0.9800065893424164,0.0199934106575837,-0.014503869422986057,0.27272970210814995
487,2022-12-07 00:00:00-05:00,0,0.7498228801975918,0.25017711980240825,-0.001864107253381664,0.27261753873489153
488,2022-12-08 00:00:00-05:00,0,0.8030421488791141,0.19695785112088607,0.007493634413933237,0.2600947601089986
489,2022-12-09 00:00:00-05:00,1,0.3131453193684704,0.6868546806315297,-0.0073767194642132125,0.17833837502653946
490,2022-12-12 00:00:00-05:00,0,0.827734637382977,0.17226536261702302,0.01417830729965003,0.18267178327426853
491,2022-12-13 00:00:00-05:00,1,0.326614550044291,0.6733854499557089,0.007263223255457212,0.18121257234758065
492,2022-12-14 00:00:00-05:00,1,0.26694583061406946,0.7330541693859306,-0.006071116623835963,0.18025103161330708
493,2022-12-15 00:00:00-05:00,0,0.9879536046300649,0.01204639536993525,-0.02523747790182607,0.19964247442130528
494,2022-12-16 00:00:00-05:00,0,0.7679175344231695,0.23208246557683052,-0.011200239946011676,0.20292310594377522
495,2022-12-19 00:00:00-05:00,0,0.6193288242846431,0.38067117571535697,-0.0090483289411038,0.20346133926200244
496,2022-12-20 00:00:00-05:00,1,0.4053973022704437,0.5946026977295563,0.001036800697890769,0.20357286940675542
497,2022-12-21 00:00:00-05:00,0,0.9204324832335957,0.07956751676640415,0.014758548669054294,0.20487130139754534
498,2022-12-22 00:00:00-05:00,0,0.9222716053851746,0.0777283946148254,-0.014557142498145655,0.20780429811389883
499,2022-12-23 00:00:00-05:00,1,0.4681729221844895,0.5318270778155105,0.005850952271915072,0.20984619107937572
500,2022-12-27 00:00:00-05:00,1,0.3796643631460963,0.6203356368539037,-0.004057844034659477,0.20409822111871284
501,2022-12-28 00:00:00-05:00,0,0.8377986347026932,0.16220136529730683,-0.012093470442948605,0.2073827996536222
502,2022-12-29 00:00:00-05:00,0,0.9248430767700137,0.07515692322998631,0.01731063431499432,0.1837365678522714
503,2022-12-30 00:00:00-05:00,1,0.24351454277307225,0.7564854572269277,-0.002543975646110833,0.18358554606234356
504,2023-01-03 00:00:00-05:00,1,0.2424266340840062,0.7575733659159938,-0.004008572481273608,0.1834912089814862
505,2023-01-04 00:00:00-05:00,1,0.32025090067886813,0.6797490993211319,0.007510694562138916,0.1782880262878118
506,2023-01-05 00:00:00-05:00,0,0.6288243998524196,0.37117560014758044,-0.011713869136457158,0.1759227083942369
507,2023-01-06 00:00:00-05:00,0,0.9811235424084019,0.01887645759159806,0.02258383558903089,0.1959219673692734
508,2023-01-09 00:00:00-05:00,1,0.340781148438124,0.659218851561876,-0.0007679273259905782,0.19363488351164165
509,2023-01-10 00:00:00-05:00,1,0.40280308368743084,0.5971969163125691,0.006953997970593733,0.19396790251122856
510,2023-01-11 00:00:00-05:00,0,0.8050643502845028,0.19493564971549715,0.012767571192293676,0.1926417369476523
511,2023-01-12 00:00:00-05:00,1,0.28659199461371504,0.713408005386285,0.0034100849120427303,0.19112466083037236
512,2023-01-13 00:00:00-05:00,1,0.28562354413206237,0.7143764558679377,0.003988892144656051,0.19053960135976622
513,2023-01-17 00:00:00-05:00,1,0.161473509084786,0.838526490915214,-0.002032555430996314,0.16591054551483012
514,2023-01-18 00:00:00-05:00,0,0.8415169709815573,0.1584830290184427,-0.015684966977744675,0.17104322326435628
515,2023-01-19 00:00:00-05:00,1,0.2758172117055818,0.7241827882944183,-0.007667671901812428,0.17003650060572523
516,2023-01-20 00:00:00-05:00,0,0.9413245339039729,0.058675466096027196,0.01874167355235196,0.18125894938787773
517,2023-01-23 00:00:00-05:00,0,0.6570583902245976,0.34294160977540245,0.011811315951328555,0.17877893782454873
518,2023-01-24 00:00:00-05:00,1,0.19154504228551789,0.8084549577144821,-0.0007117563642918193,0.16844424672735633
519,2023-01-25 00:00:00-05:00,1,0.20165611950967038,0.7983438804903297,-0.00018174157346566321,0.16820511382784886
520,2023-01-26 00:00:00-05:00,0,0.5142032707784299,0.4857967292215702,0.010947708029114303,0.16925380296919174
521,2023-01-27 00:00:00-05:00,1,0.1358160431131587,0.8641839568868412,0.002491734021703855,0.1597322241009702
522,2023-01-30 00:00:00-05:00,0,0.6370689794794658,0.3629310205205342,-0.013053569315292663,0.1616684529433962
523,2023-01-31 00:00:00-05:00,0,0.7654711800275286,0.23452881997247146,0.014536304416419527,0.1664014245761547
524,2023-02-01 00:00:00-05:00,1,0.44444904925533923,0.5555509507446609,0.01039805629688473,0.1662158916495309
525,2023-02-02 00:00:00-05:00,0,0.7881846248253631,0.21181537517463694,0.014592384626854379,0.1702127527881929
526,2023-02-03 00:00:00-05:00,1,0.46330065538874504,0.536699344611255,-0.010408592637285455,0.16866335849979272
527,2023-02-06 00:00:00-05:00,1,0.15840464493375966,0.8415953550662404,-0.006159393193939262,0.15745260638202435
528,2023-02-07 00:00:00-05:00,0,0.6105272049906205,0.38947279500937937,0.012790364037397075,0.16081297552365895
529,2023-02-08 00:00:00-05:00,0,0.5227737361121563,0.47722626388784367,-0.011142573012411353,0.16813627164154074
530,2023-02-09 00:00:00-05:00,1,0.3379092811774604,0.6620907188225397,-0.008869009831037385,0.16810463926215816
531,2023-02-10 00:00:00-05:00,1,0.1683325095984135,0.8316674904015866,0.0021928557092171274,0.16796609008710525
532,2023-02-13 00:00:00-05:00,0,0.568865340531776,0.4311346594682241,0.011383569951155146,0.1715323407221425
533,2023-02-14 00:00:00-05:00,1,0.21388604754227591,0.7861139524577241,-0.0002804538554937624,0.17113914520247414
534,2023-02-15 00:00:00-05:00,1,0.12970962872875458,0.8702903712712454,0.002769337533076689,0.15819942283187183
535,2023-02-16 00:00:00-05:00,0,0.7177990653230649,0.28220093467693513,-0.013884689204881605,0.16500100791950614
536,2023-02-17 00:00:00-05:00,1,0.11782858539093519,0.8821714146090649,-0.0027712421722827342,0.15404586493387304
537,2023-02-21 00:00:00-05:00,0,0.9333253111590611,0.06667468884093894,-0.020244783973471698,0.16660995099773995
538,2023-02-22 00:00:00-05:00,1,0.16973762830481484,0.8302623716951851,-0.0015747954856433837,0.16666774952744143
539,2023-02-23 00:00:00-05:00,1,0.18117010141076934,0.8188298985892306,0.005315278263237728,0.16786761354004284
540,2023-02-24 00:00:00-05:00,1,0.46362949464624276,0.5363705053537572,-0.010593464619774184,0.16656185209466676
541,2023-02-27 00:00:00-05:00,1,0.15859773622227072,0.8414022637777292,0.0030682925395522777,0.16674040600166776
542,2023-02-28 00:00:00-05:00,1,0.13754110093482033,0.8624588990651796,-0.0030406198309477117,0.16090317728387474
543,2023-03-01 00:00:00-05:00,1,0.1159221310528989,0.884077868947101,-0.004736464203492832,0.15110830052065166
544,2023-03-02 00:00:00-05:00,1,0.17035279553284427,0.8296472044671557,0.0075535937311959735,0.14843654339549622
545,2023-03-03 00:00:00-05:00,0,0.7683250510786945,0.2316749489213054,0.01601874917648306,0.15058406496102
546,2023-03-06 00:00:00-05:00,1,0.11843441261829034,0.8815655873817096,0.0006869307788483012,0.1471163364488542
547,2023-03-07 00:00:00-05:00,0,0.7576877226281117,0.2423122773718883,-0.015445590479262547,0.15486110370499026
548,2023-03-08 00:00:00-05:00,1,0.10742578270359189,0.8925742172964082,0.0014137941356032722,0.1459043064999505
549,2023-03-09 00:00:00-05:00,0,0.876331958890559,0.12366804110944106,-0.018631857945482354,0.15423818640699652
550,2023-03-10 00:00:00-05:00,0,0.7267147849467223,0.27328521505327774,-0.01458396943606664,0.1586472894493074
551,2023-03-13 00:00:00-04:00,1,0.13751450411851038,0.8624854958814896,-0.001510901840738768,0.1576524410563727
552,2023-03-14 00:00:00-04:00,0,0.8404455104665625,0.15955448953343745,0.016342388235363665,0.1644692613055628
553,2023-03-15 00:00:00-04:00,1,0.21682900110066108,0.7831709988993388,-0.007005363929353597,0.16488537249217838
554,2023-03-16 00:00:00-04:00,0,0.9164397875145375,0.08356021248546253,0.017409576249031722,0.17929017795666544
555,2023-03-17 00:00:00-04:00,0,0.5854387710391239,0.4145612289608761,-0.011080621273953702,0.17715290473762144
556,2023-03-20 00:00:00-04:00,1,0.4354691920258386,0.5645308079741614,0.008878869635940853,0.18140467045679942
557,2023-03-21 00:00:00-04:00,0,0.7071750367964426,0.2928249632035574,0.012898647518559103,0.17420129263485012
558,2023-03-22 00:00:00-04:00,0,0.9113431543366544,0.08865684566334556,-0.016600248639842885,0.18397265146236366
559,2023-03-23 00:00:00-04:00,1,0.23836224947210316,0.7616377505278968,0.0029800838691824228,0.18314786566166785
560,2023-03-24 00:00:00-04:00,1,0.25523624457714106,0.744763755422859,0.005623963084303207,0.1806751141598295
561,2023-03-27 00:00:00-04:00,1,0.23644130427300894,0.7635586957269911,0.0016455995637670831,0.18042632218822352
562,2023-03-28 00:00:00-04:00,1,0.23619882044481577,0.7638011795551842,-0.0015750832883878866,0.18017995269635473
563,2023-03-29 00:00:00-04:00,0,0.8402391898285198,0.15976081017148033,0.014136870775046802,0.18594258589520554
564,2023-03-30 00:00:00-04:00,1,0.28563468707644696,0.714365312923553,0.005698999199482652,0.1851850373074014
565,2023-03-31 00:00:00-04:00,0,0.8380215956422847,0.16197840435771527,0.014333327782036555,0.18344426378867565
566,2023-04-03 00:00:00-04:00,1,0.24189342284679177,0.7581065771532082,0.003692022565802823,0.18373378248432157
567,2023-04-04 00:00:00-04:00,1,0.23006001858570488,0.7699399814142952,-0.005813839745162529,0.17533645224801092
568,2023-04-05 00:00:00-04:00,1,0.20210079149856278,0.7978992085014371,-0.002495481657121423,0.17588435887155926
569,2023-04-06 00:00:00-04:00,1,0.13310973871088708,0.8668902612891128,0.0035727731328032467,0.15955086214162997
570,2023-04-10 00:00:00-04:00,1,0.1136554908121594,0.8863445091878406,0.0009958070170100843,0.1467168907320984
571,2023-04-11 00:00:00-04:00,1,0.1256467571313206,0.8743532428686794,-4.135333298352082e-05,0.14619530609708578
572,2023-04-12 00:00:00-04:00,1,0.08887997839221608,0.9111200216077839,-0.0041434563234613855,0.1396717520293845
573,2023-04-13 00:00:00-04:00,0,0.5219201270951873,0.4780798729048127,0.013175510497831548,0.140483840403411
574,2023-04-14 00:00:00-04:00,1,0.07905588946386367,0.9209441105361363,-0.0020715175845779886,0.13098211778181887
575,2023-04-17 00:00:00-04:00,1,0.06754615933086307,0.9324538406691368,0.0033007035826147536,0.12124169018549216
576,2023-04-18 00:00:00-04:00,1,0.07716946797599825,0.9228305320240018,0.0008548548034659753,0.11933253443214678
577,2023-04-19 00:00:00-04:00,1,0.08105674313139387,0.9189432568686061,-8.426554793962826e-05,0.11307421239094784
578,2023-04-20 00:00:00-04:00,1,0.07521402466204274,0.9247859753379573,-0.005970335188311131,0.09489173604083663
579,2023-04-21 00:00:00-04:00,1,0.07035122070860424,0.9296487792913958,0.0009027812573008861,0.09500704840021734
580,2023-04-24 00:00:00-04:00,1,0.07081493404428127,0.9291850659557187,0.0008512167782723126,0.09429141949548676
581,2023-04-25 00:00:00-04:00,0,0.6448441212840712,0.35515587871592885,-0.01593718381857645,0.11390354476048849
582,2023-04-26 00:00:00-04:00,1,0.06464235671700294,0.935357643282997,-0.0038485835033448754,0.11491144657404648
583,2023-04-27 00:00:00-04:00,0,0.8239791268054791,0.1760208731945208,0.019377193402696356,0.12397198012229968
584,2023-04-28 00:00:00-04:00,1,0.1399739686036092,0.8600260313963909,0.008219331313243467,0.125467192643476
585,2023-05-01 00:00:00-04:00,1,0.07941448406067494,0.920585515939325,-0.0003861810485107871,0.11592705994816568
586,2023-05-02 00:00:00-04:00,1,0.33076080172864336,0.6692391982713567,-0.011653906680571788,0.12325355872016205
587,2023-05-03 00:00:00-04:00,1,0.10443172040173723,0.8955682795982628,-0.007022908054892971,0.12407418508729615
588,2023-05-04 00:00:00-04:00,1,0.11239079112423796,0.8876092088757621,-0.007244913455062742,0.12640358490928189
589,2023-05-05 00:00:00-04:00,0,0.8326523839907728,0.16734761600922732,0.018306166381879797,0.14229937060275333
590,2023-05-08 00:00:00-04:00,1,0.1108315209199311,0.8891684790800689,0.0004520264848820656,0.1422811961595852
591,2023-05-09 00:00:00-04:00,1,0.09778678056855689,0.9022132194314432,-0.004589938949059595,0.14335989666906662
592,2023-05-10 00:00:00-04:00,1,0.09672861054622159,0.9032713894537784,0.004473942241914432,0.14322069134798315
593,2023-05-11 00:00:00-04:00,1,0.08671248871921235,0.9132875112807877,-0.0016980648897067581,0.13535267733328285
594,2023-05-12 00:00:00-04:00,1,0.08741149478572048,0.9125885052142796,-0.0015845615894390477,0.1352738391679329
595,2023-05-15 00:00:00-04:00,1,0.08106725524018554,0.9189327447598146,0.002953797680316935,0.13516154783655346
596,2023-05-16 00:00:00-04:00,1,0.10976516358868714,0.8902348364113128,-0.006398107681917463,0.13686522032886012
597,2023-05-17 00:00:00-04:00,1,0.42337941971435034,0.5766205802856496,0.011820688622071574,0.14374658792482595
598,2023-05-18 00:00:00-04:00,1,0.25009946968089464,0.7499005303191053,0.009400723063727155,0.14555034116916504
599,2023-05-19 00:00:00-04:00,1,0.10682893614048238,0.8931710638595175,-0.0014469138806754414,0.1457713531762739
600,2023-05-22 00:00:00-04:00,1,0.12285509723048418,0.8771449027695158,0.00015502267980239146,0.1457828601969715
601,2023-05-23 00:00:00-04:00,1,0.3587466406242986,0.6412533593757013,-0.011285468768284297,0.13955788046861098
602,2023-05-24 00:00:00-04:00,1,0.1436403745101714,0.8563596254898287,-0.007345512678305211,0.14167201526188095
603,2023-05-25 00:00:00-04:00,1,0.16238618001070035,0.8376138199892996,0.008719456079011883,0.1273931858438011
604,2023-05-26 00:00:00-04:00,1,0.4677966046684093,0.5322033953315907,0.012964680931640788,0.13237514494732494
605,2023-05-30 00:00:00-04:00,1,0.09941872075085215,0.9005812792491478,1.660313066576836e-05,0.13234994560376526
606,2023-05-31 00:00:00-04:00,1,0.09108801918353115,0.9089119808164688,-0.006127358186214099,0.1269920432207478
607,2023-06-01 00:00:00-04:00,1,0.21597408132436036,0.7840259186756396,0.009806215085853812,0.12742186486181376
608,2023-06-02 00:00:00-04:00,0,0.580753184027361,0.4192468159726391,0.014429812390107408,0.13072518427500668
609,2023-06-05 00:00:00-04:00,1,0.0685587481181382,0.9314412518818618,-0.002005591490657713,0.1176969336158772
610,2023-06-06 00:00:00-04:00,1,0.06712601783229429,0.9328739821677057,0.002351130233850576,0.11763668092159867
611,2023-06-07 00:00:00-04:00,1,0.06563292018786973,0.9343670798121303,-0.003819293926420617,0.11711817289065421
612,2023-06-08 00:00:00-04:00,1,0.08367915354162754,0.9163208464583725,0.00616957160752325,0.11779030428486778
613,2023-06-09 00:00:00-04:00,1,0.0734267142876478,0.9265732857123522,0.0011474010230505239,0.11708320539025587
614,2023-06-12 00:00:00-04:00,1,0.17378891642775304,0.8262110835722469,0.00927797498175416,0.11901034884173449
615,2023-06-13 00:00:00-04:00,1,0.098041007084282,0.901958992915718,0.006908570725908897,0.1200167457917414
616,2023-06-14 00:00:00-04:00,1,0.07512246839449947,0.9248775316055006,0.0008190899801265841,0.11537527626568739
617,2023-06-15 00:00:00-04:00,1,0.3496963259727045,0.6503036740272955,0.012104580493589997,0.11566398832785393
618,2023-06-16 00:00:00-04:00,1,0.06464237688971718,0.9353576231102829,-0.0036783764677510893,0.11554977476028111
619,2023-06-20 00:00:00-04:00,1,0.06950738324688013,0.9304926167531199,-0.004746353835236048,0.11760395687057992
620,2023-06-21 00:00:00-04:00,1,0.07505436720170541,0.9249456327982946,-0.005259086366925201,0.1204453948487454
621,2023-06-22 00:00:00-04:00,1,0.06253598130513534,0.9374640186948646,0.0037039303873345254,0.10975744982766686
622,2023-06-23 00:00:00-04:00,1,0.10936022574610682,0.8906397742538931,-0.007688288056502158,0.11018244523725708
623,2023-06-26 00:00:00-04:00,1,0.06517900819967798,0.934820991800322,-0.004496934363132171,0.11067938142598309
624,2023-06-27 00:00:00-04:00,1,0.2870288496455495,0.7129711503544505,0.01139073352418076,0.10875327079389532
625,2023-06-28 00:00:00-04:00,1,0.076630091438518,0.923369908561482,-0.0003541393883898215,0.10885155492017877
626,2023-06-29 00:00:00-04:00,1,0.06361634621952413,0.9363836537804759,0.00446356811449,0.10478368826723228
627,2023-06-30 00:00:00-04:00,1,0.345967920147325,0.654032079852675,0.0121943502618858,0.10729705213196769
628,2023-07-03 00:00:00-04:00,1,0.0682737307436658,0.9317262692563343,0.0011699930926736418,0.09789344322943098
629,2023-07-05 00:00:00-04:00,1,0.06371672212495985,0.9362832778750402,-0.0019702580976127164,0.09787442938570712
630,2023-07-06 00:00:00-04:00,1,0.11433301943935409,0.8856669805606459,-0.007954061175894762,0.1040059568842585
631,2023-07-07 00:00:00-04:00,1,0.06134450737810823,0.9386554926218919,-0.002869212795733482,0.10341824005560973
632,2023-07-10 00:00:00-04:00,1,0.062275641046422164,0.9377243589535779,0.002402138610626312,0.10202537170595233
633,2023-07-11 00:00:00-04:00,1,0.08648167512330493,0.9135183248766952,0.006719583998254874,0.10379624705083625
634,2023-07-12 00:00:00-04:00,1,0.09945067680518074,0.9005493231948193,0.007383905235389679,0.10214424825601355
635,2023-07-13 00:00:00-04:00,1,0.12903171101774663,0.8709682889822534,0.008434482989627111,0.1033499584796551
636,2023-07-14 00:00:00-04:00,1,0.06972447381581355,0.9302755261841864,-0.001024932196907484,0.10373858537559462
637,2023-07-17 00:00:00-04:00,1,0.061196610346234026,0.9388033896537661,0.0038479695744204137,0.09642226764989496
638,2023-07-18 00:00:00-04:00,1,0.09293205069864674,0.9070679493013533,0.007092066941428338,0.09694549862859575
639,2023-07-19 00:00:00-04:00,1,0.06241706095373966,0.9375829390462604,0.002355134827233639,0.09399053183364846
640,2023-07-20 00:00:00-04:00,1,0.08710084481194372,0.9128991551880562,-0.006779827396257691,0.09568313671917632
641,2023-07-21 00:00:00-04:00,1,0.07535093510926456,0.9246490648907355,0.0003240420146130911,0.0955905748354564
642,2023-07-24 00:00:00-04:00,1,0.06238467702771548,0.9376153229722846,0.004026038496874852,0.08910304681548732
643,2023-07-25 00:00:00-04:00,1,0.06270519598022649,0.9372948040197735,0.0028107195758387046,0.08538867464821105
644,2023-07-26 00:00:00-04:00,1,0.08107384752595999,0.9189261524740401,-0.00015545097867591856,0.07939796694431311
645,2023-07-27 00:00:00-04:00,1,0.08384544187015693,0.916154558129843,-0.006445393055197076,0.08467002950519298
646,2023-07-28 00:00:00-04:00,1,0.1891799272125374,0.8108200727874626,0.009829375810433848,0.08894230764336576
647,2023-07-31 00:00:00-04:00,1,0.06955748333043209,0.930442516669568,0.0014676354365687912,0.08049597982645104
648,2023-08-01 00:00:00-04:00,1,0.06395447336938771,0.9360455266306122,-0.0026686453076827116,0.08186726367651778
649,2023-08-02 00:00:00-04:00,1,0.4830367511840686,0.5169632488159314,-0.013936200638336184,0.0977623807817949
650,2023-08-03 00:00:00-04:00,1,0.06192425398654534,0.9380757460134547,-0.0025512254502915274,0.09316034585903772
651,2023-08-04 00:00:00-04:00,1,0.06854888776361613,0.9314511122363838,-0.0053141693739379705,0.0948997430106844
652,2023-08-07 00:00:00-04:00,1,0.14857612278615662,0.8514238772138434,0.008983618964856572,0.09907362724442113
653,2023-08-08 00:00:00-04:00,1,0.06217513632348658,0.9378248636765134,-0.004227205100058866,0.09863312154302534
654,2023-08-09 00:00:00-04:00,1,0.09235694207086573,0.9076430579291342,-0.007063619102045116,0.09892655723095249
655,2023-08-10 00:00:00-04:00,1,0.07622246696539672,0.9237775330346032,0.00025068252108086326,0.09374715130765351
656,2023-08-11 00:00:00-04:00,1,0.06919573319912928,0.9308042668008708,-0.0010702648992294865,0.09375091918417242
657,2023-08-14 00:00:00-04:00,1,0.07251339255595235,0.9274866074440478,0.005734004879419051,0.09512960822994977
658,2023-08-15 00:00:00-04:00,1,0.298674214361816,0.701325785638184,-0.011618139396096483,0.09878536991539526
659,2023-08-16 00:00:00-04:00,1,0.10396678414508143,0.8960332158549187,-0.007584081792624527,0.10019458449783654
660,2023-08-17 00:00:00-04:00,1,0.10804961580605207,0.891950384193948,-0.0077428113775290805,0.10088538647743746
661,2023-08-18 00:00:00-04:00,1,0.07711027265637033,0.9228897273436297,-0.00014871788395720285,0.10076430049091274
662,2023-08-21 00:00:00-04:00,1,0.08883650497819952,0.9111634950218004,0.006855634859799785,0.10342614026519421
663,2023-08-22 00:00:00-04:00,1,0.061348954447032665,0.9386510455529673,-0.0027813310465456837,0.1020660063253707
664,2023-08-23 00:00:00-04:00,1,0.2621400545986567,0.7378599454013434,0.010984330710791359,0.1119324586621463
665,2023-08-24 00:00:00-04:00,1,0.47399766354593564,0.5260023364540644,-0.01354935398400801,0.11876722306650657
666,2023-08-25 00:00:00-04:00,1,0.09043371734912233,0.9095662826508777,0.006695501060295156,0.11516085610292352
667,2023-08-28 00:00:00-04:00,1,0.08509333606423611,0.9149066639357639,0.006245078594196461,0.11825614782907069
668,2023-08-29 00:00:00-04:00,0,0.5807706985266137,0.4192293014733863,0.014404068712056505,0.13126285024832457
669,2023-08-30 00:00:00-04:00,1,0.0690326020381745,0.9309673979618255,0.003825854181192944,0.1226769228223974
670,2023-08-31 00:00:00-04:00,1,0.07385606245468833,0.9261439375453118,-0.0015982129743398576,0.12245881744228504
671,2023-09-01 00:00:00-04:00,1,0.0715794226355899,0.9284205773644101,0.001797512765518541,0.1209083852707153
672,2023-09-05 00:00:00-04:00,1,0.06689249406405015,0.9331075059359498,-0.004202997821381205,0.1175337963877542
673,2023-09-06 00:00:00-04:00,1,0.09912918983166204,0.900870810168338,-0.006996014491432261,0.11917909229528899
674,2023-09-07 00:00:00-04:00,1,0.06515891520020461,0.9348410847997954,-0.003216433115732967,0.11708066751242087
675,2023-09-08 00:00:00-04:00,1,0.07154364813746555,0.9284563518625344,0.0014256060622570594,0.11721296609043605
676,2023-09-11 00:00:00-04:00,1,0.09367749573678052,0.9063225042632195,0.006700951498135517,0.11960509099159024
677,2023-09-12 00:00:00-04:00,1,0.07901888389422486,0.9209811161057752,-0.005712169023003997,0.11955995980348796
678,2023-09-13 00:00:00-04:00,1,0.07030510559507602,0.929694894404924,0.0012408621175346041,0.11189764668453057
679,2023-09-14 00:00:00-04:00,1,0.13109402380473895,0.8689059761952611,0.00839458553366625,0.11127778775278771
680,2023-09-15 00:00:00-04:00,1,0.36243905702146,0.63756094297854,-0.012234145842493929,0.1170219593958679
681,2023-09-18 00:00:00-04:00,1,0.07685064759765362,0.9231493524023464,0.0007210276941755188,0.11695864463318928
682,2023-09-19 00:00:00-04:00,1,0.06669432679666853,0.9333056732033314,-0.0021533273615331264,0.11528515019063461
683,2023-09-20 00:00:00-04:00,1,0.18303704907804033,0.8169629509219596,-0.009439204206291041,0.1201192141482703
684,2023-09-21 00:00:00-04:00,0,0.7093307692044004,0.2906692307955997,-0.016536918318488084,0.12678649367757627
685,2023-09-22 00:00:00-04:00,1,0.06766026601137318,0.9323397339886267,-0.0022982374027607495,0.11826642570291379
686,2023-09-25 00:00:00-04:00,1,0.06574044604255774,0.9342595539574422,0.0040149942038066174,0.11642770710450671
687,2023-09-26 00:00:00-04:00,0,0.5885337974636051,0.4114662025363949,-0.014844165482264943,0.12340539435488909
688,2023-09-27 00:00:00-04:00,1,0.07759320675153708,0.9224067932484629,0.00022928777229479233,0.10795579159847687
689,2023-09-28 00:00:00-04:00,1,0.07590780293982971,0.9240921970601702,0.005875877143000698,0.10978979270425822
690,2023-09-29 00:00:00-04:00,1,0.06290974881962746,0.9370902511803726,-0.002713259648289315,0.10974752871488766
691,2023-10-02 00:00:00-04:00,1,0.0794753054912368,0.9205246945087632,7.936440615299324e-05,0.10902281544981114
692,2023-10-03 00:00:00-04:00,1,0.49204890036372656,0.5079510996362735,-0.013839395863449198,0.11606057924872497
693,2023-10-04 00:00:00-04:00,1,0.12986890679662083,0.8701310932033792,0.008077047607828946,0.12149489091335496
694,2023-10-05 00:00:00-04:00,1,0.07512016178073655,0.9248798382192636,-0.0013048811469951228,0.12149550373015996
695,2023-10-06 00:00:00-04:00,1,0.36050936063541705,0.6394906393645828,0.011745642093961117,0.13076674863676999
696,2023-10-09 00:00:00-04:00,1,0.09774607790084232,0.9022539220991577,0.006284068119387409,0.13041945248297981
697,2023-10-10 00:00:00-04:00,1,0.0850937578936397,0.9149062421063603,0.005194476099985354,0.13173179522686504
698,2023-10-11 00:00:00-04:00,1,0.08014354366136728,0.9198564563386327,0.004283819500095073,0.13290961884382188
699,2023-10-12 00:00:00-04:00,1,0.09596394271728825,0.9040360572827117,-0.006266024940654918,0.12926964189739892
700,2023-10-13 00:00:00-04:00,1,0.07580320221842206,0.9241967977815779,-0.005031495660219892,0.12394511233839525
701,2023-10-16 00:00:00-04:00,1,0.27079932827937064,0.7292006717206293,0.010538642302589985,0.13087472303171338
702,2023-10-17 00:00:00-04:00,1,0.09626458685776375,0.9037354131422363,-9.824987944376507e-05,0.1308180662403395
703,2023-10-18 00:00:00-04:00,0,0.5230467180947083,0.4769532819052918,-0.013490408251151898,0.13508626475450275
704,2023-10-19 00:00:00-04:00,1,0.15109167579623273,0.8489083242037673,-0.008519032328057976,0.12551852914443268
705,2023-10-20 00:00:00-04:00,1,0.44332158857297976,0.5566784114270202,-0.012665149196155915,0.13257051372251072
706,2023-10-23 00:00:00-04:00,1,0.08150958623174037,0.9184904137682597,-0.0016869920654349177,0.13117754916499597
707,2023-10-24 00:00:00-04:00,1,0.10982257911432677,0.8901774208856732,0.0072395235196288195,0.12442377248532646
708,2023-10-25 00:00:00-04:00,0,0.5949254731238109,0.40507452687618906,-0.014443434657238052,0.13411413575970813
709,2023-10-26 00:00:00-04:00,1,0.39693561314400366,0.6030643868559963,-0.011903081205584871,0.13678147524022086
710,2023-10-27 00:00:00-04:00,1,0.08905596553996928,0.9109440344600307,-0.00481183857862075,0.13714405164621374
711,2023-10-30 00:00:00-04:00,1,0.4442014047973941,0.5557985952026059,0.011938474300285915,0.145754486063682
712,2023-10-31 00:00:00-04:00,1,0.11801603641425783,0.8819839635857422,0.006454084821688244,0.14056141880938872
713,2023-11-01 00:00:00-04:00,1,0.3086879555918821,0.691312044408118,0.010451194990191868,0.1427019944244095
714,2023-11-02 00:00:00-04:00,0,0.8870217090239054,0.1129782909760946,0.018682938934086474,0.15769380027134386
715,2023-11-03 00:00:00-04:00,1,0.29558421876668467,0.7044157812333154,0.00934988354455146,0.15568355678385068
716,2023-11-06 00:00:00-05:00,1,0.12500073614613205,0.8749992638538681,0.0017514577241005862,0.1543043055150387
717,2023-11-07 00:00:00-05:00,1,0.11630656893834584,0.8836934310616541,0.0028360934017119537,0.1535471761798567
718,2023-11-08 00:00:00-05:00,1,0.12919731157549805,0.8708026884245019,0.0010044110324198868,0.15283861827283815
719,2023-11-09 00:00:00-05:00,1,0.21552477559297137,0.7844752244070285,-0.008116690699068705,0.1539924426402511
720,2023-11-10 00:00:00-05:00,0,0.7946573392234214,0.2053426607765787,0.015495759270772258,0.16216457047923694
721,2023-11-13 00:00:00-05:00,1,0.14856029556383665,0.8514397044361633,-0.0008361884413700847,0.15827071352078556
722,2023-11-14 00:00:00-05:00,0,0.9240601261874247,0.07593987381257522,0.01889537047457725,0.1712547545978905
723,2023-11-15 00:00:00-05:00,1,0.1513503413361509,0.848649658663849,0.0015957382078471765,0.1620014870548589
724,2023-11-16 00:00:00-05:00,1,0.13973558299481953,0.8602644170051804,0.0011897193967137305,0.15712473659699236
725,2023-11-17 00:00:00-05:00,1,0.11020017670225546,0.8897998232977445,0.0012812279371779871,0.14657362498957116
726,2023-11-20 00:00:00-05:00,1,0.1560100511254804,0.8439899488745196,0.007363103793795633,0.14599384277837205
727,2023-11-21 00:00:00-05:00,1,0.10432879349772298,0.895671206502277,-0.002022975931757968,0.1467752069421891
728,2023-11-22 00:00:00-05:00,1,0.07698748639723108,0.9230125136027689,0.004052905094313324,0.13093571802223428
729,2023-11-24 00:00:00-05:00,1,0.07819759615396893,0.9218024038460311,0.0005966956096450322,0.11731450088998813
730,2023-11-27 00:00:00-05:00,1,0.0672479919550962,0.9327520080449037,-0.0019560693168983586,0.11459914245541143
731,2023-11-28 00:00:00-05:00,1,0.07242588977126435,0.9275741102287356,0.0009796385280502918,0.11238007106651311
732,2023-11-29 00:00:00-05:00,1,0.07325287760594336,0.9267471223940565,-0.0009466966151019382,0.1136945176522696
733,2023-11-30 00:00:00-05:00,1,0.06308297486572426,0.9369170251342758,0.003776931264994605,0.11117626336077616
734,2023-12-01 00:00:00-05:00,1,0.07377965124296645,0.9262203487570336,0.005856558953846637,0.09670509790286758
735,2023-12-04 00:00:00-05:00,1,0.06937579458064637,0.9306242054193536,-0.005423188063826943,0.09826214709695216
736,2023-12-05 00:00:00-05:00,1,0.07302320807297663,0.9269767919270234,-0.0005690315939348026,0.09879923857567341
737,2023-12-06 00:00:00-05:00,1,0.061410762456212215,0.9385892375437879,-0.003913851944943747,0.10114793281105675
738,2023-12-07 00:00:00-05:00,1,0.11367962575964113,0.8863203742403589,0.007936610684821922,0.10329049805941345
739,2023-12-08 00:00:00-05:00,1,0.06178652281418777,0.9382134771858123,0.0040871341465037936,0.09584228201811701
740,2023-12-11 00:00:00-05:00,1,0.06335191498965316,0.9366480850103468,0.003916813547781492,0.08365221922389748
741,2023-12-12 00:00:00-05:00,1,0.06591877890899393,0.9340812210910061,0.0045888127956924,0.08317577669749143
742,2023-12-13 00:00:00-05:00,1,0.48107496735317407,0.518925032646826,0.01355834517501981,0.0704633678452198
743,2023-12-14 00:00:00-05:00,1,0.06850662861441578,0.9314933713855842,0.002643565185154432,0.0704231283130231
744,2023-12-15 00:00:00-05:00,1,0.08626185668773757,0.9137381433122624,-7.625240044859478e-05,0.07084185605998754
745,2023-12-18 00:00:00-05:00,1,0.07022642563585337,0.9297735743641465,0.004518122263400515,0.07116367145789329
746,2023-12-19 00:00:00-05:00,1,0.08226808656332478,0.9177319134366752,0.005849267450818904,0.06996988344952866
747,2023-12-20 00:00:00-05:00,0,0.5524779475026674,0.44752205249733246,-0.014793147965305628,0.09186709517955303
748,2023-12-21 00:00:00-05:00,1,0.20958626107345057,0.7904137389265494,0.010248769307271876,0.09645908604237387
749,2023-12-22 00:00:00-05:00,1,0.06528464200760878,0.9347153579923912,0.0016586821527610754,0.09632131490849084
750,2023-12-26 00:00:00-05:00,1,0.06223191862266775,0.9377680813773324,0.004222761046978559,0.09536521868223416
751,2023-12-27 00:00:00-05:00,1,0.0666617427811196,0.9333382572188804,0.0014294356164229985,0.09528932601627844
752,2023-12-28 00:00:00-05:00,1,0.07496894167895982,0.9250310583210402,0.0003701061103271183,0.09478401199515653
753,2023-12-29 00:00:00-05:00,1,0.06110786546298664,0.9388921345370134,-0.0028304770367338357,0.0964846859432179
